symbol,yahoo_ticker,market_cap,isin,name,market,icb_industry,icb_supersector,icb_sector,icb_subsector
MC,MC.PA,220926623744.0,FR0000121014,LVMH,XPAR,"40, Consumer Discretionary","4020, Consumer Products and Services","402040, Personal Goods","40204020, Clothing and Accessories"
OR,OR.PA,189920673792.0,FR0000120321,L'OREAL,XPAR,"40, Consumer Discretionary","4020, Consumer Products and Services","402040, Personal Goods","40204035, Cosmetics"
TTE,TTE.PA,173941473280.0,FR0000120271,TOTALENERGIES,"XPAR, XBRU","60, Energy","6010, Energy","601010, Oil, Gas and Coal","60101000, Integrated Oil and Gas"
RMS,RMS.PA,163805577216.0,FR0000052292,HERMES INTL,XPAR,"40, Consumer Discretionary","4020, Consumer Products and Services","402040, Personal Goods","40204020, Clothing and Accessories"
SU,SU.PA,148954267648.0,FR0000121972,SCHNEIDER ELECTRIC,XPAR,"50, Industrials","5020, Industrial Goods and Services","502020, Electronic and Electrical Equipment","50202010, Electrical Components"
SAF,SAF.PA,115034161152.0,FR0000073272,SAFRAN,XPAR,"50, Industrials","5020, Industrial Goods and Services","502010, Aerospace and Defense","50201010, Aerospace"
AI,AI.PA,101648146432.0,FR0000120073,AIR LIQUIDE,XPAR,"55, Basic Materials","5520, Chemicals","552010, Chemicals","55201020, Specialty Chemicals"
BNP,BNP.PA,99320315904.0,FR0000131104,BNP PARIBAS ACT.A,XPAR,"30, Financials","3010, Banks","301010, Banks","30101010, Banks"
SAN,SAN.PA,87595483136.0,FR0000120578,SANOFI,XPAR,"20, Health Care","2010, Health Care","201030, Pharmaceuticals and Biotechnology","20103015, Pharmaceuticals"
CS,CS.PA,79049195520.0,FR0000120628,AXA,XPAR,"30, Financials","3030, Insurance","303020, Non-life Insurance","30302010, Full Line Insurance"
EL,EL.PA,76833103872.0,FR0000121667,ESSILORLUXOTTICA,XPAR,"20, Health Care","2010, Health Care","201020, Medical Equipment and Services","20102015, Medical Supplies"
CDI,CDI.PA,75808522240.0,FR0000130403,CHRISTIAN DIOR,XPAR,"40, Consumer Discretionary","4020, Consumer Products and Services","402040, Personal Goods","40204020, Clothing and Accessories"
ENGI,ENGI.PA,69443739648.0,FR0010208488,ENGIE,"XPAR, XBRU","65, Utilities","6510, Utilities","651020, Gas, Water and Multi-utilities","65102000, Multi-utilities"
DG,DG.PA,69281415168.0,FR0000125486,VINCI,XPAR,"50, Industrials","5010, Construction and Materials","501010, Construction and Materials","50101010, Construction"
ACA,ACA.PA,51240484864.0,FR0000045072,CREDIT AGRICOLE,XPAR,"30, Financials","3010, Banks","301010, Banks","30101010, Banks"
ORA,ORA.PA,49382883328.0,FR0000133308,ORANGE,XPAR,"15, Telecommunications","1510, Telecommunications","151020, Telecommunications Service Providers","15102015, Telecommunications Services"
GLE,GLE.PA,48408621056.0,FR0000130809,SOCIETE GENERALE,XPAR,"30, Financials","3010, Banks","301010, Banks","30101010, Banks"
HO,HO.PA,45825515520.0,FR0000121329,THALES,XPAR,"50, Industrials","5020, Industrial Goods and Services","502010, Aerospace and Defense","50201020, Defense"
LR,LR.PA,40228708352.0,FR0010307819,LEGRAND,XPAR,"50, Industrials","5020, Industrial Goods and Services","502020, Electronic and Electrical Equipment","50202010, Electrical Components"
BN,BN.PA,39434653696.0,FR0000120644,DANONE,XPAR,"45, Consumer Staples","4510, Food, Beverage and Tobacco","451020, Food Producers","45102020, Food Products"
SGO,SGO.PA,36705054720.0,FR0000125007,SAINT GOBAIN,"XPAR, XAMS, XBRU","50, Industrials","5010, Construction and Materials","501010, Construction and Materials","50101035, Building Materials: Other"
KER,KER.PA,29097809920.0,FR0000121485,KERING,XPAR,"40, Consumer Discretionary","4020, Consumer Products and Services","402040, Personal Goods","40204020, Clothing and Accessories"
DSY,DSY.PA,25215205376.0,FR0014003TT8,DASSAULT SYSTEMES,XPAR,"10, Technology","1010, Technology","101010, Software and Computer Services","10101015, Software"
VIE,VIE.PA,25129678848.0,FR0000124141,VEOLIA ENVIRON.,XPAR,"65, Utilities","6510, Utilities","651020, Gas, Water and Multi-utilities","65102030, Water"
AM,AM.PA,21625550848.0,FR0014004L86,DASSAULT AVIATION,XPAR,"50, Industrials","5020, Industrial Goods and Services","502010, Aerospace and Defense","50201010, Aerospace"
EN,EN.PA,19558934528.0,FR0000120503,BOUYGUES,XPAR,"50, Industrials","5010, Construction and Materials","501010, Construction and Materials","50101010, Construction"
PUB,PUB.PA,19097692160.0,FR0000130577,PUBLICIS GROUPE SA,XPAR,"40, Consumer Discretionary","4030, Média","403010, Média","40301020, Media Agencies"
AMUN,AMUN.PA,17212264448.0,FR0004125920,AMUNDI,XPAR,"30, Financials","3020, Financial Services","302020, Investment Banking and Brokerage Services","30202010, Asset Managers and Custodians"
CAP,CAP.PA,16399817728.0,FR0000125338,CAPGEMINI,XPAR,"10, Technology","1010, Technology","101010, Software and Computer Services","10101010, Computer Services"
DIM,DIM.PA,15690909696.0,FR0013154002,SARTORIUS STED BIO,XPAR,"20, Health Care","2010, Health Care","201020, Medical Equipment and Services","20102015, Medical Supplies"
RI,RI.PA,15315482624.0,FR0000120693,PERNOD RICARD,XPAR,"45, Consumer Staples","4510, Food, Beverage and Tobacco","451010, Beverages","45101015, Distillers and Vintners"
BOL,BOL.PA,14698444800.0,FR0000039299,BOLLORE,XPAR,"40, Consumer Discretionary","4030, Média","403010, Média","40301010, Entertainment"
URW,URW.PA,14442992640.0,FR0013326246,UNIBAIL-RODAMCO-WE,XPAR,"35, Real Estate","3510, Real Estate","351020, Real Estate Investment Trusts","35102045, Retail REITs"
IPN,IPN.PA,13564064768.0,FR0010259150,IPSEN,XPAR,"20, Health Care","2010, Health Care","201030, Pharmaceuticals and Biotechnology","20103015, Pharmaceuticals"
FGR,FGR.PA,12796800000.0,FR0000130452,EIFFAGE,XPAR,"50, Industrials","5010, Construction and Materials","501010, Construction and Materials","50101010, Construction"
CA,CA.PA,12064804864.0,FR0000120172,CARREFOUR,XPAR,"45, Consumer Staples","4520, Personal Care, Drug and Grocery Stores","452010, Personal Care, Drug and Grocery Stores","45201010, Food Retailers and Wholesalers"
BVI,BVI.PA,11652806656.0,FR0006174348,BUREAU VERITAS,XPAR,"50, Industrials","5020, Industrial Goods and Services","502050, Industrial Support Services","50205020, Professional Business Support Services"
RXL,RXL.PA,10874184704.0,FR0010451203,REXEL,XPAR,"50, Industrials","5020, Industrial Goods and Services","502020, Electronic and Electrical Equipment","50202010, Electrical Components"
ADP,ADP.PA,10336647168.0,FR0010340141,ADP,XPAR,"50, Industrials","5020, Industrial Goods and Services","502060, Industrial Transportation","50206060, Transportation Services"
ERF,ERF.PA,10335626240.0,FR0014000MR3,EUROFINS SCIENT.,XPAR,"20, Health Care","2010, Health Care","201020, Medical Equipment and Services","20102020, Medical Services"
AC,AC.PA,10329467904.0,FR0000120404,ACCOR,XPAR,"40, Consumer Discretionary","4050, Travel and Leisure","405010, Travel and Leisure","40501025, Hotels and Motels"
GET,GET.PA,10051478528.0,FR0010533075,GETLINK SE,XPAR,"50, Industrials","5020, Industrial Goods and Services","502060, Industrial Transportation","50206020, Railroads"
LI,LI.PA,9806965760.0,FR0000121964,KLEPIERRE,XPAR,"35, Real Estate","3510, Real Estate","351020, Real Estate Investment Trusts","35102045, Retail REITs"
AYV,AYV.PA,8783107072.0,FR0013258662,AYVENS,XPAR,"40, Consumer Discretionary","4020, Consumer Products and Services","402010, Consumer Services","40201040, Rental and Leasing Services: Consumer"
BIM,BIM.PA,8728604672.0,FR0013280286,BIOMERIEUX,XPAR,"20, Health Care","2010, Health Care","201020, Medical Equipment and Services","20102010, Medical Equipment"
ABVX,ABVX.PA,8262140928.0,FR0012333284,ABIVAX,XPAR,"20, Health Care","2010, Health Care","201030, Pharmaceuticals and Biotechnology","20103010, Biotechnology"
SPIE,SPIE.PA,8206376960.0,FR0012757854,SPIE,XPAR,"50, Industrials","5010, Construction and Materials","501010, Construction and Materials","50101015, Engineering and Contracting Services"
ALO,ALO.PA,8027770368.0,FR0010220475,ALSTOM,XPAR,"50, Industrials","5020, Industrial Goods and Services","502020, Electronic and Electrical Equipment","50202010, Electrical Components"
RNO,RNO.PA,7973508096.0,FR0000131906,RENAULT,XPAR,"40, Consumer Discretionary","4010, Automobiles and Parts","401010, Automobiles and Parts","40101020, Automobiles"
GTT,GTT.PA,7731658240.0,FR0011726835,GTT,XPAR,"60, Energy","6010, Energy","601010, Oil, Gas and Coal","60101030, Oil Equipment and Services"
NEX,NEX.PA,7277986816.0,FR0000044448,NEXANS,XPAR,"50, Industrials","5020, Industrial Goods and Services","502020, Electronic and Electrical Equipment","50202010, Electrical Components"
CBDG,CBDG.PA,6495803904.0,FR001400SUB7,CAMBODGE NOM.,XPAR,"30, Financials","3020, Financial Services","302020, Investment Banking and Brokerage Services","30202000, Diversified Financial Services"
SW,SW.PA,6483861504.0,FR0000121220,SODEXO,XPAR,"40, Consumer Discretionary","4050, Travel and Leisure","405010, Travel and Leisure","40501040, Restaurants and Bars"
VK,VK.PA,6016607744.0,FR0013506730,VALLOUREC,XPAR,"60, Energy","6010, Energy","601010, Oil, Gas and Coal","60101030, Oil Equipment and Services"
ELIS,ELIS.PA,6012150272.0,FR0012435121,ELIS,XPAR,"50, Industrials","5020, Industrial Goods and Services","502050, Industrial Support Services","50205010, Industrial Suppliers"
COV,COV.PA,5943141376.0,FR0000064578,COVIVIO,XPAR,"35, Real Estate","3510, Real Estate","351020, Real Estate Investment Trusts","35102030, Office REITs"
ODET,ODET.PA,5942164480.0,FR0000062234,COMPAGNIE ODET,XPAR,"65, Utilities","6510, Utilities","651020, Gas, Water and Multi-utilities","65102020, Gas Distribution"
SCR,SCR.PA,5596897280.0,FR0010411983,SCOR SE,XPAR,"30, Financials","3030, Insurance","303020, Non-life Insurance","30302020, Reinsurance"
SOI,SOI.PA,5595535872.0,FR0013227113,SOITEC,XPAR,"10, Technology","1010, Technology","101020, Technology Hardware and Equipment","10102010, Semiconductors"
GFC,GFC.PA,5269875200.0,FR0010040865,GECINA,XPAR,"35, Real Estate","3510, Real Estate","351020, Real Estate Investment Trusts","35102030, Office REITs"
EDEN,EDEN.PA,4847275520.0,FR0010908533,EDENRED,XPAR,"50, Industrials","5020, Industrial Goods and Services","502050, Industrial Support Services","50205015, Transaction Processing Services"
AKE,AKE.PA,4816965120.0,FR0010313833,ARKEMA,XPAR,"55, Basic Materials","5520, Chemicals","552010, Chemicals","55201000, Chemicals: Diversified"
FDJU,FDJU.PA,4206514176.0,FR0013451333,FDJ UNITED,XPAR,"40, Consumer Discretionary","4050, Travel and Leisure","405010, Travel and Leisure","40501020, Casinos and Gambling"
LOUP,LOUP.PA,4013215744.0,FR001400SF56,LDC,XPAR,"45, Consumer Staples","4510, Food, Beverage and Tobacco","451020, Food Producers","45102020, Food Products"
DEC,DEC.PA,3900002560.0,FR0000077919,JCDECAUX,XPAR,"40, Consumer Discretionary","4030, Média","403010, Média","40301020, Media Agencies"
TEP,TEP.PA,3891007232.0,FR0000051807,TELEPERFORMANCE,XPAR,"50, Industrials","5020, Industrial Goods and Services","502050, Industrial Support Services","50205020, Professional Business Support Services"
RUI,RUI.PA,3623994368.0,FR0013269123,RUBIS,XPAR,"40, Consumer Discretionary","4040, Retail","404010, Retailers","40401030, Specialty Retailers"
COVH,COVH.PA,3538816512.0,FR0000060303,COVIVIO HOTELS,XPAR,"35, Real Estate","3510, Real Estate","351020, Real Estate Investment Trusts","35102015, Hotel and Lodging REITs"
MF,MF.PA,3478463232.0,FR0000121204,WENDEL,XPAR,"30, Financials","3020, Financial Services","302020, Investment Banking and Brokerage Services","30202000, Diversified Financial Services"
ETL,ETL.PA,3419542784.0,FR0010221234,EUTELSAT COMMUNIC.,XPAR,"15, Telecommunications","1510, Telecommunications","151010, Telecommunications Equipment","15101010, Telecommunications Equipment"
TKO,TKO.PA,3186681600.0,FR0013230612,TIKEHAU CAPITAL,XPAR,"30, Financials","3020, Financial Services","302020, Investment Banking and Brokerage Services","30202010, Asset Managers and Custodians"
TRI,TRI.PA,3076771584.0,FR0005691656,TRIGANO,XPAR,"40, Consumer Discretionary","4020, Consumer Products and Services","402030, Leisure Goods","40203050, Recreational Products"
RF,RF.PA,3065685504.0,FR0000121121,EURAZEO,XPAR,"30, Financials","3020, Financial Services","302020, Investment Banking and Brokerage Services","30202010, Asset Managers and Custodians"
CAF,CAF.PA,3009288192.0,FR0000045528,CRCAM PARIS ET IDF,XPAR,"30, Financials","3010, Banks","301010, Banks","30101010, Banks"
FR,FR.PA,2921398784.0,FR0013176526,VALEO,XPAR,"40, Consumer Discretionary","4010, Automobiles and Parts","401010, Automobiles and Parts","40101025, Auto Parts"
FII,FII.PA,2920901376.0,FR0000050353,LISI,XPAR,"50, Industrials","5020, Industrial Goods and Services","502010, Aerospace and Defense","50201010, Aerospace"
SK,SK.PA,2889960448.0,FR0000121709,S.E.B.,XPAR,"40, Consumer Discretionary","4020, Consumer Products and Services","402020, Household Goods and Home Construction","40202025, Household Equipment and Products"
VIRP,VIRP.PA,2874897152.0,FR0000031577,VIRBAC,XPAR,"20, Health Care","2010, Health Care","201030, Pharmaceuticals and Biotechnology","20103015, Pharmaceuticals"
EXENS,EXENS.PA,2843685632.0,FR001400Q9V2,EXOSENS,XPAR,"50, Industrials","5020, Industrial Goods and Services","502010, Aerospace and Defense","50201020, Defense"
VCT,VCT.PA,2774699776.0,FR0000031775,VICAT,XPAR,"50, Industrials","5010, Construction and Materials","501010, Construction and Materials","50101030, Cement"
AF,AF.PA,2632782080.0,FR001400J770,AIR FRANCE -KLM,"XPAR, XAMS","40, Consumer Discretionary","4050, Travel and Leisure","405010, Travel and Leisure","40501010, Airlines"
SOP,SOP.PA,2566411520.0,FR0000050809,SOPRA STERIA GROUP,XPAR,"10, Technology","1010, Technology","101010, Software and Computer Services","10101010, Computer Services"
ALTA,ALTA.PA,2498332928.0,FR0000033219,ALTAREA,XPAR,"35, Real Estate","3510, Real Estate","351020, Real Estate Investment Trusts","35102040, Residential REITs"
FMONC,FMONC.PA,2488827136.0,FR001400SU99,MONCEY (FIN.) NOM.,XPAR,"30, Financials","3020, Financial Services","302020, Investment Banking and Brokerage Services","30202010, Asset Managers and Custodians"
ARTO,ARTO.PA,2475660032.0,FR0000076952,ARTOIS NOM.,XPAR,"30, Financials","3020, Financial Services","302010, Finance and Credit Services","30201025, Mortgage Finance"
MMB,MMB.PA,2460438016.0,FR0000130213,LAGARDERE SA,XPAR,"40, Consumer Discretionary","4030, Média","403010, Média","40301030, Publication"
COFA,COFA.PA,2443924736.0,FR0010667147,COFACE,XPAR,"30, Financials","3030, Insurance","303020, Non-life Insurance","30302025, Property and Casualty Insurance"
VRLA,VRLA.PA,2345976576.0,FR0013447729,VERALLIA,XPAR,"50, Industrials","5020, Industrial Goods and Services","502030, General Industrials","50203030, Containers and Packaging"
BB,BB.PA,2333721344.0,FR0000120966,BIC,XPAR,"45, Consumer Staples","4520, Personal Care, Drug and Grocery Stores","452010, Personal Care, Drug and Grocery Stores","45201030, Nondurable Household Products"
EMEIS,EMEIS.PA,2309210880.0,FR001400NLM4,EMEIS,XPAR,"20, Health Care","2010, Health Care","201010, Health Care Providers","20101010, Health Care Facilities"
OPM,OPM.PA,2295242752.0,FR0000124570,OPMOBILITY,XPAR,"40, Consumer Discretionary","4010, Automobiles and Parts","401010, Automobiles and Parts","40101025, Auto Parts"
IDL,IDL.PA,2289654528.0,FR0010929125,ID LOGISTICS GROUP,XPAR,"50, Industrials","5020, Industrial Goods and Services","502060, Industrial Transportation","50206040, Delivery Services"
CARM,CARM.PA,2268844800.0,FR0010828137,CARMILA,XPAR,"35, Real Estate","3510, Real Estate","351020, Real Estate Investment Trusts","35102045, Retail REITs"
ATE,ATE.PA,2124842112.0,FR0000071946,ALTEN,XPAR,"10, Technology","1010, Technology","101010, Software and Computer Services","10101010, Computer Services"
VIV,VIV.PA,2099930496.0,FR0000127771,VIVENDI SE,XPAR,"40, Consumer Discretionary","4030, Média","403010, Média","40301035, Radio and TV Broadcasters"
RCO,RCO.PA,2047525632.0,FR0000130395,REMY COINTREAU,XPAR,"45, Consumer Staples","4510, Food, Beverage and Tobacco","451010, Beverages","45101015, Distillers and Vintners"
VU,VU.PA,2025194240.0,FR0010282822,Vusion,XPAR,"50, Industrials","5020, Industrial Goods and Services","502020, Electronic and Electrical Equipment","50202025, Electronic Equipment: Gauges and Meters"
NANO,NANO.PA,2010623872.0,FR0011341205,NANOBIOTIX,XPAR,"20, Health Care","2010, Health Care","201030, Pharmaceuticals and Biotechnology","20103010, Biotechnology"
MAU,MAU.PA,1978340736.0,FR0000051070,MAUREL ET PROM,XPAR,"60, Energy","6010, Energy","601010, Oil, Gas and Coal","60101010, Oil: Crude Producers"
FRVIA,FRVIA.PA,1938837888.0,FR0000121147,FORVIA,XPAR,"40, Consumer Discretionary","4010, Automobiles and Parts","401010, Automobiles and Parts","40101025, Auto Parts"
NK,NK.PA,1878123264.0,FR0000120859,IMERYS,XPAR,"55, Basic Materials","5510, Basic Resources","551020, Industrial Metals and Mining","55102000, General Mining"
ITP,ITP.PA,1872538496.0,FR0004024222,INTERPARFUMS,XPAR,"40, Consumer Discretionary","4020, Consumer Products and Services","402040, Personal Goods","40204035, Cosmetics"
EXA,EXA.PA,1851613696.0,FR0000062671,EXAIL TECHNOLOGIES,XPAR,"50, Industrials","5020, Industrial Goods and Services","502010, Aerospace and Defense","50201020, Defense"
CRBP2,CRBP2.PA,1842832000.0,FR0010483768,CRCAM BRIE PIC2CCI,XPAR,"30, Financials","3010, Banks","301010, Banks","30101010, Banks"
OVH,OVH.PA,1829666048.0,FR0014005HJ9,OVH,XPAR,"10, Technology","1010, Technology","101010, Software and Computer Services","10101010, Computer Services"
ANTIN,ANTIN.PA,1803446272.0,FR0014005AL0,ANTIN INFRA PARTN,XPAR,"30, Financials","3020, Financial Services","302020, Investment Banking and Brokerage Services","30202010, Asset Managers and Custodians"
ELEC,ELEC.PA,1713483264.0,FR0000031023,ELEC.STRASBOURG,XPAR,"65, Utilities","6510, Utilities","651010, Electricity","65101015, Conventional Electricity"
ERA,ERA.PA,1708951296.0,FR0000131757,ERAMET,XPAR,"55, Basic Materials","5510, Basic Resources","551020, Industrial Metals and Mining","55102050, Nonferrous Metals"
CRLA,CRLA.PA,1696142976.0,FR0010461053,CRCAM LANGUED CCI,XPAR,"30, Financials","3010, Banks","301010, Banks","30101010, Banks"
RBT,RBT.PA,1653938048.0,FR0000039091,ROBERTET,XPAR,"55, Basic Materials","5520, Chemicals","552010, Chemicals","55201020, Specialty Chemicals"
PEUG,PEUG.PA,1618238720.0,FR0000064784,PEUGEOT INVEST,XPAR,"30, Financials","3020, Financial Services","302020, Investment Banking and Brokerage Services","30202010, Asset Managers and Custodians"
CNDF,CNDF.PA,1574026368.0,FR0000185514,CRCAM NORD CCI,XPAR,"30, Financials","3010, Banks","301010, Banks","30101010, Banks"
ALHG,ALHG.PA,1571738368.0,FR001400TL40,LOUIS HACHETTE,ALXP,"40, Consumer Discretionary","4040, Retail","404010, Retailers","40401030, Specialty Retailers"
ARG,ARG.PA,1547964416.0,FR0010481960,ARGAN,XPAR,"35, Real Estate","3510, Real Estate","351020, Real Estate Investment Trusts","35102030, Office REITs"
DBG,DBG.PA,1530534400.0,FR0000053381,DERICHEBOURG,XPAR,"65, Utilities","6510, Utilities","651030, Waste and Disposal Services","65103035, Waste and Disposal Services"
IPS,IPS.PA,1525017344.0,FR0000073298,IPSOS,XPAR,"40, Consumer Discretionary","4030, Média","403010, Média","40301020, Media Agencies"
ICAD,ICAD.PA,1511972096.0,FR0000035081,ICADE,XPAR,"35, Real Estate","3510, Real Estate","351020, Real Estate Investment Trusts","35102000, Diversified REITs"
STF,STF.PA,1480208128.0,FR0000064271,STEF,XPAR,"50, Industrials","5020, Industrial Goods and Services","502060, Industrial Transportation","50206010, Trucking"
CLARI,CLARI.PA,1464146560.0,FR0010386334,CLARIANE,XPAR,"20, Health Care","2010, Health Care","201010, Health Care Providers","20101010, Health Care Facilities"
CBE,CBE.PA,1456891008.0,FR0000045601,ROBERTET CI,XPAR,"55, Basic Materials","5520, Chemicals","552010, Chemicals","55201020, Specialty Chemicals"
MMT,MMT.PA,1424816896.0,FR0000053225,METROPOLE TV,XPAR,"40, Consumer Discretionary","4030, Média","403010, Média","40301035, Radio and TV Broadcasters"
TFI,TFI.PA,1412812800.0,FR0000054900,TF1,XPAR,"40, Consumer Discretionary","4030, Média","403010, Média","40301035, Radio and TV Broadcasters"
PLNW,PLNW.PA,1173225088.0,FR001400PFU4,PLANISWARE,XPAR,"10, Technology","1010, Technology","101010, Software and Computer Services","10101015, Software"
VIL,VIL.PA,1168380032.0,FR0000050049,VIEL ET COMPAGNIE,XPAR,"30, Financials","3020, Financial Services","302020, Investment Banking and Brokerage Services","30202015, Investment Services"
GDS,GDS.PA,1147841664.0,FR0000044471,RAMSAY GEN SANTE,XPAR,"20, Health Care","2010, Health Care","201010, Health Care Providers","20101010, Health Care Facilities"
CRAV,CRAV.PA,1123325056.0,FR0000185506,CRCAM ATL.VEND.CCI,XPAR,"30, Financials","3010, Banks","301010, Banks","30101010, Banks"
CRAP,CRAP.PA,1115683840.0,FR0000044323,CRCAM ALP.PROV.CCI,XPAR,"30, Financials","3010, Banks","301010, Banks","30101010, Banks"
CDA,CDA.PA,1099696128.0,FR0000053324,ALPES (COMPAGNIE),XPAR,"40, Consumer Discretionary","4050, Travel and Leisure","405010, Travel and Leisure","40501030, Recreational Services"
FREY,FREY.PA,1097425920.0,FR0010588079,FREY,XPAR,"35, Real Estate","3510, Real Estate","351010, Real Estate Investment and Services","35101010, Real Estate Holding and Development"
MERY,MERY.PA,1079261056.0,FR0010241638,MERCIALYS,XPAR,"35, Real Estate","3510, Real Estate","351020, Real Estate Investment Trusts","35102045, Retail REITs"
EIFF,EIFF.PA,1076262144.0,FR0000036816,TOUR EIFFEL,XPAR,"35, Real Estate","3510, Real Estate","351020, Real Estate Investment Trusts","35102030, Office REITs"
WAVE,WAVE.PA,1073017664.0,FR0013357621,WAVESTONE,XPAR,"10, Technology","1010, Technology","101010, Software and Computer Services","10101010, Computer Services"
AREIT,AREIT.PA,1040317056.0,FR0000039216,ALTAREIT,XPAR,"35, Real Estate","3510, Real Estate","351010, Real Estate Investment and Services","35101010, Real Estate Holding and Development"
74SW,74SW.PA,1037720000.0,FR0011040500,74SOFTWARE,XPAR,"10, Technology","1010, Technology","101010, Software and Computer Services","10101015, Software"
CRSU,CRSU.PA,1037695744.0,FR0000045346,CRCAM SUD R.A.CCI,XPAR,"30, Financials","3010, Banks","301010, Banks","30101010, Banks"
GLO,GLO.PA,1032501888.0,FR0000066672,GL EVENTS,XPAR,"40, Consumer Discretionary","4030, Média","403010, Média","40301020, Media Agencies"
FNAC,FNAC.PA,1024596032.0,FR0011476928,FNAC DARTY,XPAR,"40, Consumer Discretionary","4040, Retail","404010, Retailers","40401030, Specialty Retailers"
IVA,IVA.PA,1016436544.0,FR0013233012,INVENTIVA,XPAR,"20, Health Care","2010, Health Care","201030, Pharmaceuticals and Biotechnology","20103010, Biotechnology"
DBV,DBV.PA,1008320512.0,FR0010417345,DBV TECHNOLOGIES,XPAR,"20, Health Care","2010, Health Care","201030, Pharmaceuticals and Biotechnology","20103010, Biotechnology"
MEDCL,MEDCL.PA,1003953984.0,FR0004065605,MEDINCELL,XPAR,"20, Health Care","2010, Health Care","201030, Pharmaceuticals and Biotechnology","20103010, Biotechnology"
CRTO,CRTO.PA,986596096.0,FR0000045304,CRCAM TOURAINE CCI,XPAR,"30, Financials","3010, Banks","301010, Banks","30101010, Banks"
CCN,CCN.PA,937141184.0,FR0000044364,CRCAM NORM.SEINE,XPAR,"30, Financials","3010, Banks","301010, Banks","30101010, Banks"
VLTSA,VLTSA.PA,915137920.0,FR0011995588,VOLTALIA,XPAR,"65, Utilities","6510, Utilities","651010, Electricity","65101010, Alternative Electricity"
NRO,NRO.PA,905710976.0,FR0004050250,NEURONES,XPAR,"10, Technology","1010, Technology","101010, Software and Computer Services","10101010, Computer Services"
CRLO,CRLO.PA,902029888.0,FR0000045239,CRCAM LOIRE HTE L.,XPAR,"30, Financials","3010, Banks","301010, Banks","30101010, Banks"
LTA,LTA.PA,868239744.0,FR0000053837,ALTAMIR,XPAR,"30, Financials","3020, Financial Services","302020, Investment Banking and Brokerage Services","30202010, Asset Managers and Custodians"
MRN,MRN.PA,868236480.0,FR0000039620,MERSEN,XPAR,"50, Industrials","5020, Industrial Goods and Services","502020, Electronic and Electrical Equipment","50202010, Electrical Components"
VAC,VAC.PA,864648320.0,FR0000073041,PIERRE VACANCES,XPAR,"40, Consumer Discretionary","4050, Travel and Leisure","405010, Travel and Leisure","40501025, Hotels and Motels"
VIRI,VIRI.PA,862687808.0,FR001400PVN6,VIRIDIEN,XPAR,"60, Energy","6010, Energy","601010, Oil, Gas and Coal","60101030, Oil Equipment and Services"
VETO,VETO.PA,836972544.0,FR0004186856,VETOQUINOL,XPAR,"20, Health Care","2010, Health Care","201030, Pharmaceuticals and Biotechnology","20103015, Pharmaceuticals"
SAVE,SAVE.PA,813053248.0,FR0000120107,SAVENCIA,XPAR,"45, Consumer Staples","4510, Food, Beverage and Tobacco","451020, Food Producers","45102020, Food Products"
MTU,MTU.PA,809359488.0,FR0000038606,MANITOU BF,XPAR,"50, Industrials","5020, Industrial Goods and Services","502040, Industrial Engineering","50204020, Machinery: Construction and Handling"
NAE,NAE.PA,771917440.0,FR0000120669,North Atlantic En.,XPAR,"60, Energy","6010, Energy","601010, Oil, Gas and Coal","60101020, Oil Refining and Marketing"
BASS,BASS.PA,738318144.0,FR0004023208,BASSAC,XPAR,"35, Real Estate","3510, Real Estate","351010, Real Estate Investment and Services","35101010, Real Estate Holding and Development"
BUR,BUR.PA,737984384.0,FR0000061137,BURELLE,XPAR,"40, Consumer Discretionary","4010, Automobiles and Parts","401010, Automobiles and Parts","40101025, Auto Parts"
CIV,CIV.PA,721986880.0,FR0000045213,CRCAM ILLE-VIL.CCI,XPAR,"30, Financials","3010, Banks","301010, Banks","30101010, Banks"
ATO,ATO.PA,715544512.0,FR001400X2S4,ATOS,XPAR,"10, Technology","1010, Technology","101010, Software and Computer Services","10101010, Computer Services"
ELIOR,ELIOR.PA,705100288.0,FR0011950732,ELIOR GROUP,XPAR,"40, Consumer Discretionary","4020, Consumer Products and Services","402010, Consumer Services","40201060, Vending and Catering Service"
UBI,UBI.PA,672903232.0,FR0000054470,UBISOFT ENTERTAIN,XPAR,"40, Consumer Discretionary","4020, Consumer Products and Services","402030, Leisure Goods","40203040, Electronic Entertainment"
AUB,AUB.PA,659852480.0,FR0000063737,AUBAY,XPAR,"10, Technology","1010, Technology","101010, Software and Computer Services","10101010, Computer Services"
SDG,SDG.PA,654839744.0,FR0000032658,SYNERGIE,XPAR,"50, Industrials","5020, Industrial Goods and Services","502050, Industrial Support Services","50205025, Business Training and Employment Agencies"
SCHP,SCHP.PA,650726016.0,FR0000039109,SECHE ENVIRONNEM.,XPAR,"65, Utilities","6510, Utilities","651030, Waste and Disposal Services","65103035, Waste and Disposal Services"
CMO,CMO.PA,644890816.0,FR0000045551,CRCAM MORBIHAN CCI,XPAR,"30, Financials","3010, Banks","301010, Banks","30101010, Banks"
ALVDM,ALVDM.PA,630376576.0,FR0004045847,VOYAGEURS DU MONDE,ALXP,"40, Consumer Discretionary","4050, Travel and Leisure","405010, Travel and Leisure","40501015, Travel and Tourism"
THEP,THEP.PA,627276864.0,FR0013333432,THERMADOR GROUPE,XPAR,"50, Industrials","5020, Industrial Goods and Services","502050, Industrial Support Services","50205010, Industrial Suppliers"
ASY,ASY.PA,621790464.0,FR0000074148,ASSYSTEM,XPAR,"50, Industrials","5010, Construction and Materials","501010, Construction and Materials","50101015, Engineering and Contracting Services"
LSS,LSS.PA,610591232.0,FR0000065484,LECTRA,XPAR,"10, Technology","1010, Technology","101010, Software and Computer Services","10101015, Software"
EXPL,EXPL.PA,607983936.0,FR0014003AQ4,EXPLOSIFS PROD.CHI,XPAR,"55, Basic Materials","5520, Chemicals","552010, Chemicals","55201000, Chemicals: Diversified"
WLN,WLN.PA,598767488.0,FR0011981968,WORLDLINE,XPAR,"50, Industrials","5020, Industrial Goods and Services","502050, Industrial Support Services","50205015, Transaction Processing Services"
CEN,CEN.PA,591895680.0,FR0000036675,GROUPE CRIT,XPAR,"50, Industrials","5020, Industrial Goods and Services","502050, Industrial Support Services","50205025, Business Training and Employment Agencies"
WAGA,WAGA.PA,590983744.0,FR0012532810,WAGA ENERGY,XPAR,"60, Energy","6010, Energy","601020, Alternative Energy","60102010, Alternative Fuels"
BEN,BEN.PA,578080512.0,FR0000035164,BENETEAU,XPAR,"40, Consumer Discretionary","4020, Consumer Products and Services","402030, Leisure Goods","40203055, Recreational Vehicles and Boats"
CAT31,CAT31.PA,577772480.0,FR0000045544,CA TOULOUSE 31 CCI,XPAR,"30, Financials","3010, Banks","301010, Banks","30101010, Banks"
SBT,SBT.PA,562649728.0,FR0000052680,OENEO,XPAR,"50, Industrials","5020, Industrial Goods and Services","502030, General Industrials","50203030, Containers and Packaging"
EQS,EQS.PA,553185024.0,FR0012882389,EQUASENS,XPAR,"20, Health Care","2010, Health Care","201010, Health Care Providers","20101025, Health Care Services"
ALSEM,ALSEM.PA,550293312.0,FR0014010H01,SEMCO TECHNOLOGIES,ALXP,"10, Technology","1010, Technology","101020, Technology Hardware and Equipment","10102020, Production Technology Equipment"
NRG,NRG.PA,545088064.0,FR0000121691,NRJ GROUP,XPAR,"40, Consumer Discretionary","4030, Média","403010, Média","40301035, Radio and TV Broadcasters"
IDIP,IDIP.PA,516501184.0,FR0000051393,IDI,XPAR,"30, Financials","3020, Financial Services","302040, Closed End Investments","30204000, Closed End Investments"
LBIRD,LBIRD.PA,506406176.0,FR0000038242,LUMIBIRD,XPAR,"20, Health Care","2010, Health Care","201020, Medical Equipment and Services","20102010, Medical Equipment"
LPE,LPE.PA,496512640.0,FR0006864484,LAURENT-PERRIER,XPAR,"45, Consumer Staples","4510, Food, Beverage and Tobacco","451010, Beverages","45101015, Distillers and Vintners"
KOF,KOF.PA,491428416.0,FR0004007813,KAUFMAN ET BROAD,XPAR,"40, Consumer Discretionary","4020, Consumer Products and Services","402020, Household Goods and Home Construction","40202010, Home Construction"
BOI,BOI.PA,489616192.0,FR0000061129,BOIRON,XPAR,"20, Health Care","2010, Health Care","201030, Pharmaceuticals and Biotechnology","20103015, Pharmaceuticals"
VLA,VLA.PA,483220352.0,FR0004056851,VALNEVA,XPAR,"20, Health Care","2010, Health Care","201030, Pharmaceuticals and Biotechnology","20103015, Pharmaceuticals"
NXI,NXI.PA,478383840.0,FR0010112524,NEXITY,XPAR,"40, Consumer Discretionary","4020, Consumer Products and Services","402020, Household Goods and Home Construction","40202010, Home Construction"
FGA,FGA.PA,466986304.0,FR0011665280,FIGEAC AERO,XPAR,"50, Industrials","5020, Industrial Goods and Services","502010, Aerospace and Defense","50201010, Aerospace"
JCQ,JCQ.PA,455682336.0,FR0000033904,JACQUET METALS,XPAR,"55, Basic Materials","5510, Basic Resources","551020, Industrial Metals and Mining","55102010, Iron and Steel"
GNFT,GNFT.PA,440775264.0,FR0004163111,GENFIT,XPAR,"20, Health Care","2010, Health Care","201030, Pharmaceuticals and Biotechnology","20103010, Biotechnology"
MALT,MALT.PA,438945856.0,FR0000030074,MALTERIES FCO-BEL.,XPAR,"45, Consumer Staples","4510, Food, Beverage and Tobacco","451010, Beverages","45101010, Brewers"
ALGIL,ALGIL.PA,421446400.0,FR0012819381,GROUPE GUILLIN,ALXP,"50, Industrials","5020, Industrial Goods and Services","502030, General Industrials","50203030, Containers and Packaging"
SAMS,SAMS.PA,401520160.0,FR0000060071,SAMSE,XPAR,"40, Consumer Discretionary","4040, Retail","404010, Retailers","40401025, Home Improvement Retailers"
ORIA,ORIA.PA,398310016.0,FR0000060535,FIDUCIAL REAL EST.,XPAR,"35, Real Estate","3510, Real Estate","351010, Real Estate Investment and Services","35101010, Real Estate Holding and Development"
QDT,QDT.PA,389563712.0,FR0000120560,QUADIENT,XPAR,"10, Technology","1010, Technology","101020, Technology Hardware and Equipment","10102035, Electronic Office Equipment"
SMCP,SMCP.PA,386038400.0,FR0013214145,SMCP,XPAR,"40, Consumer Discretionary","4020, Consumer Products and Services","402040, Personal Goods","40204020, Clothing and Accessories"
PAT,PAT.PA,385494784.0,FR0011027135,PATRIMOINE ET COMM,XPAR,"35, Real Estate","3510, Real Estate","351010, Real Estate Investment and Services","35101010, Real Estate Holding and Development"
INEA,INEA.PA,378680064.0,FR0010341032,FONCIERE INEA,XPAR,"35, Real Estate","3510, Real Estate","351020, Real Estate Investment Trusts","35102030, Office REITs"
IMDA,IMDA.PA,376862464.0,FR0000033243,IMMOB.DASSAULT,XPAR,"35, Real Estate","3510, Real Estate","351020, Real Estate Investment Trusts","35102000, Diversified REITs"
TFF,TFF.PA,365091200.0,FR0013295789,TFF GROUP,XPAR,"50, Industrials","5020, Industrial Goods and Services","502030, General Industrials","50203030, Containers and Packaging"
FCMC,FCMC.PA,359473920.0,FR0000062101,FERM.CAS.MUN.CANNE,XPAR,"40, Consumer Discretionary","4050, Travel and Leisure","405010, Travel and Leisure","40501020, Casinos and Gambling"
EFG,EFG.PA,353734912.0,FR0010428771,EAGLEFOOTBALLGROUP,XPAR,"40, Consumer Discretionary","4050, Travel and Leisure","405010, Travel and Leisure","40501030, Recreational Services"
SELER,SELER.PA,353705056.0,FR0004175842,SELECTIRENTE,XPAR,"35, Real Estate","3510, Real Estate","351020, Real Estate Investment Trusts","35102045, Retail REITs"
ALCLS,ALCLS.PA,339261920.0,FR0010425595,CELLECTIS,ALXP,"20, Health Care","2010, Health Care","201030, Pharmaceuticals and Biotechnology","20103010, Biotechnology"
PERR,PERR.PA,319409984.0,FR0000061459,PERRIER (GERARD),XPAR,"10, Technology","1010, Technology","101020, Technology Hardware and Equipment","10102015, Electronic Components"
GAM,GAM.PA,311507392.0,FR0000034894,GAUMONT,XPAR,"40, Consumer Discretionary","4030, Média","403010, Média","40301010, Entertainment"
ABCA,ABCA.PA,307904000.0,FR0004040608,ABC ARBITRAGE,XPAR,"30, Financials","3020, Financial Services","302020, Investment Banking and Brokerage Services","30202015, Investment Services"
ALBOU,ALBOU.PA,307835264.0,FR0000054421,BOURRELIER GROUP,ALXP,"40, Consumer Discretionary","4040, Retail","404010, Retailers","40401025, Home Improvement Retailers"
MBWS,MBWS.PA,307613536.0,FR0000060873,MBWS,XPAR,"45, Consumer Staples","4510, Food, Beverage and Tobacco","451010, Beverages","45101015, Distillers and Vintners"
LNA,LNA.PA,305771232.0,FR0004170017,LNA SANTE,XPAR,"20, Health Care","2010, Health Care","201010, Health Care Providers","20101010, Health Care Facilities"
SWP,SWP.PA,301962528.0,FR0004180578,SWORD GROUP,XPAR,"10, Technology","1010, Technology","101010, Software and Computer Services","10101010, Computer Services"
PARRO,PARRO.PA,284341760.0,FR0004038263,PARROT,XPAR,"15, Telecommunications","1510, Telecommunications","151010, Telecommunications Equipment","15101010, Telecommunications Equipment"
BSD,BSD.PA,276624064.0,FR0000074254,BOURSE DIRECT,XPAR,"30, Financials","3020, Financial Services","302020, Investment Banking and Brokerage Services","30202015, Investment Services"
FSDV,FSDV.PA,269802080.0,FR0000031973,FSDV,XPAR,"40, Consumer Discretionary","4020, Consumer Products and Services","402020, Household Goods and Home Construction","40202025, Household Equipment and Products"
INF,INF.PA,268038704.0,FR0000071797,INFOTEL,XPAR,"10, Technology","1010, Technology","101010, Software and Computer Services","10101010, Computer Services"
ALDLT,ALDLT.PA,267408800.0,FR0013283108,DELTA PLUS GROUP,ALXP,"40, Consumer Discretionary","4020, Consumer Products and Services","402040, Personal Goods","40204020, Clothing and Accessories"
ALRIB,ALRIB.PA,266369648.0,FR0000075954,RIBER,ALXP,"10, Technology","1010, Technology","101020, Technology Hardware and Equipment","10102010, Semiconductors"
RBO,RBO.PA,263784224.0,FR0013344173,ROCHE BOBOIS,XPAR,"40, Consumer Discretionary","4020, Consumer Products and Services","402020, Household Goods and Home Construction","40202015, Household Furnishings"
BON,BON.PA,262439152.0,FR0000063935,BONDUELLE,XPAR,"45, Consumer Staples","4510, Food, Beverage and Tobacco","451020, Food Producers","45102020, Food Products"
ARVEN,ARVEN.PA,259844000.0,FR001400JWR8,ARVERNE GROUP,XPAR,"65, Utilities","6510, Utilities","651010, Electricity","65101010, Alternative Electricity"
ARAMI,ARAMI.PA,254612848.0,FR0014003U94,ARAMIS GROUP,XPAR,"40, Consumer Discretionary","4040, Retail","404010, Retailers","40401030, Specialty Retailers"
ALSTI,ALSTI.PA,250096656.0,FR001400MDW2,STIF,ALXP,"50, Industrials","5020, Industrial Goods and Services","502040, Industrial Engineering","50204000, Machinery: Industrial"
GPE,GPE.PA,236509600.0,FR0010214064,GPE GROUP PIZZORNO,XPAR,"65, Utilities","6510, Utilities","651030, Waste and Disposal Services","65103035, Waste and Disposal Services"
TNG,TNG.PA,235921088.0,FR0005175080,TRANSGENE,XPAR,"20, Health Care","2010, Health Care","201030, Pharmaceuticals and Biotechnology","20103010, Biotechnology"
ALBFR,ALBFR.PA,231575552.0,FR0010202606,SIDETRADE,ALXP,"10, Technology","1010, Technology","101010, Software and Computer Services","10101015, Software"
ALSEN,ALSEN.PA,229526288.0,FR0012596468,SENSORION,ALXP,"20, Health Care","2010, Health Care","201030, Pharmaceuticals and Biotechnology","20103010, Biotechnology"
ALERS,ALERS.PA,223515808.0,FR0013240934,EUROBIO-SCIENTIFIC,ALXP,"20, Health Care","2010, Health Care","201030, Pharmaceuticals and Biotechnology","20103010, Biotechnology"
ALSTW,ALSTW.PA,220077680.0,FR0010528059,STREAMWIDE,ALXP,"10, Technology","1010, Technology","101010, Software and Computer Services","10101015, Software"
ALHEX,ALHEX.PA,217931504.0,FR0004159473,HEXAOM,ALXP,"40, Consumer Discretionary","4020, Consumer Products and Services","402020, Household Goods and Home Construction","40202010, Home Construction"
TRACT,TRACT.PA,217883968.0,FR001400BMH7,TERACT,XPAR,"40, Consumer Discretionary","4040, Retail","404010, Retailers","40401010, Diversified Retailers"
CRI,CRI.PA,207473808.0,FR0000130692,CIECHARGEURSINVEST,XPAR,"50, Industrials","5020, Industrial Goods and Services","502030, General Industrials","50203000, Diversified Industrials"
EXE,EXE.PA,206832240.0,FR0004527638,EXEL INDUSTRIES,XPAR,"50, Industrials","5020, Industrial Goods and Services","502040, Industrial Engineering","50204010, Machinery: Agricultural"
LIN,LIN.PA,204541472.0,FR0004156297,LINEDATA SERVICES,XPAR,"10, Technology","1010, Technology","101010, Software and Computer Services","10101015, Software"
BLC,BLC.PA,194449936.0,FR0000035370,BASTIDE LE CONFORT,XPAR,"20, Health Care","2010, Health Care","201010, Health Care Providers","20101025, Health Care Services"
LAT,LAT.PA,192105664.0,FR001400JY13,LATECOERE,XPAR,"50, Industrials","5020, Industrial Goods and Services","502010, Aerospace and Defense","50201010, Aerospace"
AKW,AKW.PA,191118208.0,FR0000053027,AKWEL,XPAR,"40, Consumer Discretionary","4010, Automobiles and Parts","401010, Automobiles and Parts","40101025, Auto Parts"
FDE,FDE.PA,189024352.0,FR0013030152,FRANCAISE ENERGIE,XPAR,"65, Utilities","6510, Utilities","651010, Electricity","65101010, Alternative Electricity"
ALMDT,ALMDT.PA,187667472.0,FR0011049824,MEDIANTECHNOLOGIES,ALXP,"10, Technology","1010, Technology","101010, Software and Computer Services","10101015, Software"
ALEXA,ALEXA.PA,185562720.0,FR0000064164,EXACOMPTA CLAIREF.,ALXP,"55, Basic Materials","5510, Basic Resources","551010, Industrial Materials","55101015, Paper"
CVX,CVX.PA,183526192.0,FR0013333077,CARVOLIX,XPAR,"20, Health Care","2010, Health Care","201020, Medical Equipment and Services","20102010, Medical Equipment"
ALCPB,ALCPB.PA,182430320.0,FR0011053636,CAPITAL B,ALXP,"40, Consumer Discretionary","4030, Média","403010, Média","40301020, Media Agencies"
SFPI,SFPI.PA,181183680.0,FR0004155000,GROUPE SFPI,XPAR,"50, Industrials","5010, Construction and Materials","501010, Construction and Materials","50101035, Building Materials: Other"
ALLHB,ALLHB.PA,180307568.0,FR0007080254,LES HOTELS BAVEREZ,ALXP,"40, Consumer Discretionary","4050, Travel and Leisure","405010, Travel and Leisure","40501025, Hotels and Motels"
ALLAN,ALLAN.PA,177710720.0,FR0004027068,LANSON-BCC,ALXP,"45, Consumer Staples","4510, Food, Beverage and Tobacco","451010, Beverages","45101015, Distillers and Vintners"
PARP,PARP.PA,173152944.0,FR0012612646,GROUPE PARTOUCHE,XPAR,"40, Consumer Discretionary","4050, Travel and Leisure","405010, Travel and Leisure","40501020, Casinos and Gambling"
ATLD,ATLD.PA,172091568.0,FR0013455482,ATLAND,XPAR,"35, Real Estate","3510, Real Estate","351010, Real Estate Investment and Services","35101010, Real Estate Holding and Development"
ALTPC,ALTPC.PA,171038752.0,FR0004016699,SMTPC,ALXP,"50, Industrials","5020, Industrial Goods and Services","502060, Industrial Transportation","50206060, Transportation Services"
ALNSE,ALNSE.PA,159164816.0,FR0004065639,NSE,ALXP,"50, Industrials","5020, Industrial Goods and Services","502010, Aerospace and Defense","50201020, Defense"
ALLIX,ALLIX.PA,157743568.0,FR0010131409,WALLIX,ALXP,"10, Technology","1010, Technology","101010, Software and Computer Services","10101015, Software"
ALFPC,ALFPC.PA,155023552.0,FR0010485268,FOUNTAINE PAJOT,ALXP,"40, Consumer Discretionary","4020, Consumer Products and Services","402030, Leisure Goods","40203055, Recreational Vehicles and Boats"
ALGEV,ALGEV.PA,154990576.0,FR0000033888,GEVELOT,ALXP,"50, Industrials","5020, Industrial Goods and Services","502040, Industrial Engineering","50204050, Machinery: Specialty"
ALVU,ALVU.PA,149576112.0,FR0010766667,VENTE UNIQUE.COM,ALXP,"40, Consumer Discretionary","4040, Retail","404010, Retailers","40401025, Home Improvement Retailers"
ALCGM,ALCGM.PA,147325968.0,FR0000053506,CEGEDIM,ALXP,"10, Technology","1010, Technology","101010, Software and Computer Services","10101010, Computer Services"
BLEE,BLEE.PA,146209184.0,FR0000062150,BLEECKER,XPAR,"35, Real Estate","3510, Real Estate","351020, Real Estate Investment Trusts","35102030, Office REITs"
ALPM,ALPM.PA,145432432.0,FR0014004EC4,PRECIA,ALXP,"50, Industrials","5020, Industrial Goods and Services","502020, Electronic and Electrical Equipment","50202025, Electronic Equipment: Gauges and Meters"
LOCAL,LOCAL.PA,145319008.0,FR001400SA10,SOLOCAL GROUP,XPAR,"40, Consumer Discretionary","4030, Média","403010, Média","40301030, Publication"
ALESE,ALESE.PA,141289472.0,FR0014004362,ENTECH,ALXP,"60, Energy","6010, Energy","601020, Alternative Energy","60102020, Renewable Energy Equipment"
EAPI,EAPI.PA,139545456.0,FR0014008VX5,EUROAPI,XPAR,"20, Health Care","2010, Health Care","201030, Pharmaceuticals and Biotechnology","20103015, Pharmaceuticals"
CBOT,CBOT.PA,138375904.0,FR0010193979,CBO TERRITORIA,XPAR,"35, Real Estate","3510, Real Estate","351010, Real Estate Investment and Services","35101010, Real Estate Holding and Development"
DEEZR,DEEZR.PA,136140736.0,FR001400AYG6,DEEZER,XPAR,"10, Technology","1010, Technology","101010, Software and Computer Services","10101020, Consumer Digital Services"
MAAT,MAAT.PA,135108960.0,FR0012634822,MAAT PHARMA,XPAR,"20, Health Care","2010, Health Care","201030, Pharmaceuticals and Biotechnology","20103010, Biotechnology"
ALCIS,ALCIS.PA,132533752.0,FR0000064446,CATERING INTL SCES,ALXP,"50, Industrials","5020, Industrial Goods and Services","502050, Industrial Support Services","50205020, Professional Business Support Services"
ALRIS,ALRIS.PA,131202400.0,FR00140164Q1,RISING STONE,ALXP,"40, Consumer Discretionary","4020, Consumer Products and Services","402020, Household Goods and Home Construction","40202010, Home Construction"
CBSM,CBSM.PA,130974584.0,FR0006239109,SCBSM,XPAR,"35, Real Estate","3510, Real Estate","351020, Real Estate Investment Trusts","35102000, Diversified REITs"
ABNX,ABNX.PA,127206936.0,FR0012616852,ABIONYX PHARMA,XPAR,"20, Health Care","2010, Health Care","201030, Pharmaceuticals and Biotechnology","20103010, Biotechnology"
ALCRB,ALCRB.PA,127042128.0,FR0011648716,CARBIOS,ALXP,"55, Basic Materials","5520, Chemicals","552010, Chemicals","55201020, Specialty Chemicals"
GBT,GBT.PA,124789968.0,FR0000032526,GUERBET,XPAR,"20, Health Care","2010, Health Care","201030, Pharmaceuticals and Biotechnology","20103015, Pharmaceuticals"
ALFRE,ALFRE.PA,122032728.0,FR0004187367,FREELANCE.COM,ALXP,"10, Technology","1010, Technology","101010, Software and Computer Services","10101020, Consumer Digital Services"
ALKAL,ALKAL.PA,121858048.0,FR0010722819,KALRAY,ALXP,"10, Technology","1010, Technology","101020, Technology Hardware and Equipment","10102010, Semiconductors"
ATEME,ATEME.PA,118688920.0,FR0011992700,ATEME,XPAR,"10, Technology","1010, Technology","101010, Software and Computer Services","10101015, Software"
ALBON,ALBON.PA,118677792.0,FR0000121295,LEBON,ALXP,"30, Financials","3020, Financial Services","302020, Investment Banking and Brokerage Services","30202010, Asset Managers and Custodians"
IPH,IPH.PA,115597552.0,FR0010331421,INNATE PHARMA,XPAR,"20, Health Care","2010, Health Care","201030, Pharmaceuticals and Biotechnology","20103010, Biotechnology"
OSE,OSE.PA,112351256.0,FR0012127173,OSE IMMUNO,XPAR,"20, Health Care","2010, Health Care","201030, Pharmaceuticals and Biotechnology","20103010, Biotechnology"
CROS,CROS.PA,111646080.0,FR0000050395,CROSSWOOD,XPAR,"35, Real Estate","3510, Real Estate","351010, Real Estate Investment and Services","35101010, Real Estate Holding and Development"
ALKEY,ALKEY.PA,111318304.0,FR0004029411,KEYRUS,ALXP,"10, Technology","1010, Technology","101010, Software and Computer Services","10101010, Computer Services"
AAA,AAA.PA,108917272.0,FR0000062465,ALAN ALLMAN,XPAR,"30, Financials","3020, Financial Services","302020, Investment Banking and Brokerage Services","30202000, Diversified Financial Services"
ALSOG,ALSOG.PA,108485056.0,FR0000065864,SOGECLAIR,ALXP,"50, Industrials","5010, Construction and Materials","501010, Construction and Materials","50101015, Engineering and Contracting Services"
LHYFE,LHYFE.PA,105763768.0,FR0014009YQ1,LHYFE,XPAR,"60, Energy","6010, Energy","601020, Alternative Energy","60102010, Alternative Fuels"
ALCJ,ALCJ.PA,102340136.0,FR0011716265,CROSSJECT,ALXP,"20, Health Care","2010, Health Care","201020, Medical Equipment and Services","20102010, Medical Equipment"
DKUPL,DKUPL.PA,100892152.0,FR0000062978,DEKUPLE,XPAR,"40, Consumer Discretionary","4030, Média","403010, Média","40301020, Media Agencies"
ALCAF,ALCAF.PA,100730848.0,FR0010151589,CAFOM,ALXP,"40, Consumer Discretionary","4040, Retail","404010, Retailers","40401010, Diversified Retailers"
ADOC,ADOC.PA,99686648.0,FR0011184241,ADOCIA,XPAR,"20, Health Care","2010, Health Care","201030, Pharmaceuticals and Biotechnology","20103010, Biotechnology"
GEA,GEA.PA,97191144.0,FR0000053035,GEA GRENOBL.ELECT.,XPAR,"50, Industrials","5020, Industrial Goods and Services","502020, Electronic and Electrical Equipment","50202025, Electronic Equipment: Gauges and Meters"
ALPDX,ALPDX.PA,95140072.0,FR0000061608,PISCINES DESJOYAUX,ALXP,"40, Consumer Discretionary","4020, Consumer Products and Services","402030, Leisure Goods","40203050, Recreational Products"
SPEL,SPEL.PA,94901064.0,FR0000053944,FONCIERE VOLTA,XPAR,"35, Real Estate","3510, Real Estate","351010, Real Estate Investment and Services","35101010, Real Estate Holding and Development"
ALFLE,ALFLE.PA,92214864.0,FR0000074759,FLEURY MICHON,ALXP,"45, Consumer Staples","4510, Food, Beverage and Tobacco","451020, Food Producers","45102020, Food Products"
ALVAZ,ALVAZ.PA,91177120.0,FR0014007T10,VAZIVA,ALXP,"50, Industrials","5020, Industrial Goods and Services","502050, Industrial Support Services","50205015, Transaction Processing Services"
ALREW,ALREW.PA,91044640.0,FR0010820274,REWORLD MEDIA,ALXP,"10, Technology","1010, Technology","101010, Software and Computer Services","10101020, Consumer Digital Services"
CO,CO.PA,90688632.0,FR001400OKR3,CASINO GUICHARD,XPAR,"45, Consumer Staples","4520, Personal Care, Drug and Grocery Stores","452010, Personal Care, Drug and Grocery Stores","45201010, Food Retailers and Wholesalers"
POMRY,POMRY.PA,85492688.0,FR0000062796,MAISON POMMERY,"XPAR, XBRU","45, Consumer Staples","4510, Food, Beverage and Tobacco","451010, Beverages","45101015, Distillers and Vintners"
SEFER,SEFER.PA,84540384.0,FR0011950682,SERGEFERRARI GROUP,XPAR,"50, Industrials","5010, Construction and Materials","501010, Construction and Materials","50101035, Building Materials: Other"
DPAM,DPAM.PA,83130000.0,FR0000065260,DOCK.PETR.AMBES AM,XPAR,"50, Industrials","5020, Industrial Goods and Services","502060, Industrial Transportation","50206060, Transportation Services"
ALWEC,ALWEC.PA,82962656.0,FR0013079092,WE.CONNECT,ALXP,"40, Consumer Discretionary","4040, Retail","404010, Retailers","40401030, Specialty Retailers"
ALVIO,ALVIO.PA,82508856.0,FR0010095596,VALERIO TX,ALXP,"20, Health Care","2010, Health Care","201030, Pharmaceuticals and Biotechnology","20103010, Biotechnology"
ALIEV,ALIEV.PA,81916456.0,FR0014015ND9,IEVA GROUP,ALXP,"45, Consumer Staples","4520, Personal Care, Drug and Grocery Stores","452010, Personal Care, Drug and Grocery Stores","45201020, Personal Products"
DPT,DPT.PA,81913440.0,FR0000054199,ST DUPONT,XPAR,"45, Consumer Staples","4520, Personal Care, Drug and Grocery Stores","452010, Personal Care, Drug and Grocery Stores","45201020, Personal Products"
ALMDG,ALMDG.PA,81165992.0,FR0010353888,MGI DIGITAL GRAPHI,ALXP,"50, Industrials","5020, Industrial Goods and Services","502020, Electronic and Electrical Equipment","50202025, Electronic Equipment: Gauges and Meters"
ALBI,ALBI.PA,80554040.0,FR0000124414,GASCOGNE,ALXP,"50, Industrials","5020, Industrial Goods and Services","502030, General Industrials","50203030, Containers and Packaging"
ALECR,ALECR.PA,80199600.0,FR0013256518,EUROFINS CEREP,ALXP,"20, Health Care","2010, Health Care","201030, Pharmaceuticals and Biotechnology","20103015, Pharmaceuticals"
SRP,SRP.PA,79959192.0,FR0013006558,SHOWROOMPRIVE,XPAR,"40, Consumer Discretionary","4040, Retail","404010, Retailers","40401020, Apparel Retailers"
ALLUX,ALLUX.PA,77117440.0,FR0000060451,INSTALLUX,ALXP,"50, Industrials","5010, Construction and Materials","501010, Construction and Materials","50101035, Building Materials: Other"
ALDEL,ALDEL.PA,76441120.0,FR0000054132,DELFINGEN,ALXP,"40, Consumer Discretionary","4010, Automobiles and Parts","401010, Automobiles and Parts","40101025, Auto Parts"
ABEO,ABEO.PA,73790440.0,FR0013185857,ABEO,XPAR,"40, Consumer Discretionary","4020, Consumer Products and Services","402030, Leisure Goods","40203050, Recreational Products"
ALODC,ALODC.PA,73541240.0,FR0014003T71,OMER-DECUGIS & CIE,ALXP,"45, Consumer Staples","4510, Food, Beverage and Tobacco","451020, Food Producers","45102020, Food Products"
EKI,EKI.PA,73454072.0,FR0011466069,EKINOPS,XPAR,"15, Telecommunications","1510, Telecommunications","151010, Telecommunications Equipment","15101010, Telecommunications Equipment"
LACR,LACR.PA,72794776.0,FR0000066607,LACROIX GROUP,XPAR,"50, Industrials","5020, Industrial Goods and Services","502020, Electronic and Electrical Equipment","50202040, Electronic Equipment: Other"
ALLDL,ALLDL.PA,70802392.0,FR0000075442,GROUPE LDLC,ALXP,"10, Technology","1010, Technology","101010, Software and Computer Services","10101020, Consumer Digital Services"
HCO,HCO.PA,70246160.0,FR0000054231,HIGH CO,XPAR,"40, Consumer Discretionary","4030, Média","403010, Média","40301020, Media Agencies"
SABE,SABE.PA,70236736.0,FR0000060121,SAINT JEAN GROUPE,XPAR,"45, Consumer Staples","4510, Food, Beverage and Tobacco","451020, Food Producers","45102020, Food Products"
VTR,VTR.PA,69896592.0,FR0010309096,VITURA,XPAR,"35, Real Estate","3510, Real Estate","351020, Real Estate Investment Trusts","35102030, Office REITs"
ALMOU,ALMOU.PA,69298808.0,FR0011033083,MOULINVEST,ALXP,"55, Basic Materials","5510, Basic Resources","551010, Industrial Materials","55101010, Forestry"
GUI,GUI.PA,68910848.0,FR0000066722,GUILLEMOT,XPAR,"10, Technology","1010, Technology","101020, Technology Hardware and Equipment","10102030, Computer Hardware"
ALPUL,ALPUL.PA,68263448.0,FR0012419307,PULLUP ENTERTAIN,ALXP,"40, Consumer Discretionary","4020, Consumer Products and Services","402030, Leisure Goods","40203040, Electronic Entertainment"
ALHGR,ALHGR.PA,67239688.0,FR0013451044,HOFFMANN,ALXP,"50, Industrials","5010, Construction and Materials","501010, Construction and Materials","50101030, Cement"
ALCAT,ALCAT.PA,66151012.0,FR0010193052,CATANA GROUP,ALXP,"40, Consumer Discretionary","4020, Consumer Products and Services","402030, Leisure Goods","40203055, Recreational Vehicles and Boats"
S30,S30.PA,66061916.0,FR0013379484,SOLUTIONS 30 SE,XPAR,"10, Technology","1010, Technology","101010, Software and Computer Services","10101010, Computer Services"
AB,AB.PA,65240776.0,FR0010557264,AB SCIENCE,XPAR,"20, Health Care","2010, Health Care","201030, Pharmaceuticals and Biotechnology","20103010, Biotechnology"
ALBLD,ALBLD.PA,65175096.0,FR0004174233,BILENDI,ALXP,"40, Consumer Discretionary","4030, Média","403010, Média","40301020, Media Agencies"
PIG,PIG.PA,63339044.0,FR0000066755,HAULOTTE GROUP,XPAR,"50, Industrials","5020, Industrial Goods and Services","502040, Industrial Engineering","50204020, Machinery: Construction and Handling"
ABLD,ABLD.PA,62705780.0,FR001400AHX6,ABL Diagnostics,XPAR,"20, Health Care","2010, Health Care","201030, Pharmaceuticals and Biotechnology","20103010, Biotechnology"
ALPJT,ALPJT.PA,62588144.0,FR0000066441,POUJOULAT,ALXP,"50, Industrials","5010, Construction and Materials","501010, Construction and Materials","50101025, Building: Climate Control"
COH,COH.PA,61119932.0,FR0004031763,COHERIS,XPAR,"10, Technology","1010, Technology","101010, Software and Computer Services","10101015, Software"
SACI,SACI.PA,57701572.0,FR0000061418,FIDUCIAL OFF.SOL.,XPAR,"40, Consumer Discretionary","4040, Retail","404010, Retailers","40401010, Diversified Retailers"
ALKLH,ALKLH.PA,57539104.0,FR0013481835,KLEA HOLDING,ALXP,"20, Health Care","2010, Health Care","201020, Medical Equipment and Services","20102010, Medical Equipment"
HDF,HDF.PA,55494764.0,FR0014003VY4,HDF,XPAR,"65, Utilities","6510, Utilities","651010, Electricity","65101010, Alternative Electricity"
ALICA,ALICA.PA,55266980.0,FR001400A3Q3,ICAPE HOLDING,ALXP,"10, Technology","1010, Technology","101020, Technology Hardware and Equipment","10102010, Semiconductors"
ALHRG,ALHRG.PA,53987244.0,FR0000066540,HERIGE,ALXP,"50, Industrials","5010, Construction and Materials","501010, Construction and Materials","50101030, Cement"
AURE,AURE.PA,53826908.0,FR0000039232,AUREA,XPAR,"65, Utilities","6510, Utilities","651030, Waste and Disposal Services","65103035, Waste and Disposal Services"
ALNOV,ALNOV.PA,52461880.0,FR0010397232,NOVACYT,ALXP,"20, Health Care","2010, Health Care","201020, Medical Equipment and Services","20102010, Medical Equipment"
VANTI,VANTI.PA,51186684.0,FR0013505062,VANTIVA,XPAR,"15, Telecommunications","1510, Telecommunications","151010, Telecommunications Equipment","15101010, Telecommunications Equipment"
ALTHX,ALTHX.PA,49751396.0,FR0013286259,THX PHARMA,ALXP,"20, Health Care","2010, Health Care","201030, Pharmaceuticals and Biotechnology","20103010, Biotechnology"
ALLEX,ALLEX.PA,48443108.0,FR0000033599,LEXIBOOK LINGUIST.,ALXP,"40, Consumer Discretionary","4020, Consumer Products and Services","402030, Leisure Goods","40203010, Consumer Electronics"
ALGAE,ALGAE.PA,48416928.0,FR0011271600,FERMENTALG,ALXP,"55, Basic Materials","5520, Chemicals","552010, Chemicals","55201020, Specialty Chemicals"
ALSMA,ALSMA.PA,47510460.0,FR0014005I80,SMAIO,ALXP,"20, Health Care","2010, Health Care","201020, Medical Equipment and Services","20102010, Medical Equipment"
ALCLA,ALCLA.PA,47368164.0,FR0013426004,CLARANOVA,ALXP,"10, Technology","1010, Technology","101010, Software and Computer Services","10101015, Software"
PVL,PVL.PA,45899832.0,FR0013252186,PLAST.VAL LOIRE,XPAR,"50, Industrials","5020, Industrial Goods and Services","502030, General Industrials","50203015, Plastics"
ALPOU,ALPOU.PA,45488956.0,FR0013015583,POULAILLON,ALXP,"45, Consumer Staples","4510, Food, Beverage and Tobacco","451020, Food Producers","45102020, Food Products"
ALECP,ALECP.PA,43866436.0,FR0010490920,EUROPACORP,ALXP,"40, Consumer Discretionary","4030, Média","403010, Média","40301010, Entertainment"
ALHOP,ALHOP.PA,43662404.0,FR0000065278,HOPSCOTCH GROUPE,ALXP,"40, Consumer Discretionary","4030, Média","403010, Média","40301020, Media Agencies"
ALMRB,ALMRB.PA,43139972.0,FR0004034320,MR BRICOLAGE,ALXP,"40, Consumer Discretionary","4040, Retail","404010, Retailers","40401025, Home Improvement Retailers"
JBOG,JBOG.PA,42104600.0,FR0012872141,JACQUES BOGART,XPAR,"45, Consumer Staples","4520, Personal Care, Drug and Grocery Stores","452010, Personal Care, Drug and Grocery Stores","45201020, Personal Products"
ALPWG,ALPWG.PA,39870976.0,FR0012613610,PRODWAYS GROUP,ALXP,"50, Industrials","5020, Industrial Goods and Services","502040, Industrial Engineering","50204050, Machinery: Specialty"
ALCOX,ALCOX.PA,38828712.0,FR0013018124,NICOX,ALXP,"20, Health Care","2010, Health Care","201030, Pharmaceuticals and Biotechnology","20103015, Pharmaceuticals"
PAR,PAR.PA,38494056.0,FR0010263202,PAREF,XPAR,"35, Real Estate","3510, Real Estate","351020, Real Estate Investment Trusts","35102000, Diversified REITs"
MEMS,MEMS.PA,38449244.0,FR0010298620,MEMSCAP REGPT,XPAR,"10, Technology","1010, Technology","101020, Technology Hardware and Equipment","10102010, Semiconductors"
ALTHE,ALTHE.PA,36986900.0,FR0010120402,THERACLION,ALXP,"20, Health Care","2010, Health Care","201020, Medical Equipment and Services","20102010, Medical Equipment"
ALDNX,ALDNX.PA,36915248.0,FR0010436584,DNXCORP,ALXP,"10, Technology","1010, Technology","101010, Software and Computer Services","10101020, Consumer Digital Services"
ALENO,ALENO.PA,36826244.0,FR0014004974,ENOGIA,ALXP,"50, Industrials","5020, Industrial Goods and Services","502040, Industrial Engineering","50204030, Machinery: Engines"
ALDRV,ALDRV.PA,36682772.0,FR001400SVN0,DRONE VOLT,ALXP,"50, Industrials","5020, Industrial Goods and Services","502010, Aerospace and Defense","50201010, Aerospace"
ACAN,ACAN.PA,36543428.0,FR0000064602,ACANTHE DEV.,XPAR,"35, Real Estate","3510, Real Estate","351020, Real Estate Investment Trusts","35102030, Office REITs"
ALHYP,ALHYP.PA,35358252.0,FR0012821916,HIPAY GROUP,ALXP,"50, Industrials","5020, Industrial Goods and Services","502050, Industrial Support Services","50205015, Transaction Processing Services"
ALODY,ALODY.PA,34730756.0,FR001400U4P9,ODYSSEE TECHNO,ALXP,"50, Industrials","5020, Industrial Goods and Services","502040, Industrial Engineering","50204000, Machinery: Industrial"
ALDMS,ALDMS.PA,34473404.0,FR0012202497,DIAGNOSTIC MEDICAL,ALXP,"20, Health Care","2010, Health Care","201020, Medical Equipment and Services","20102010, Medical Equipment"
ALHRS,ALHRS.PA,34334068.0,FR0014001PM5,HYDROGEN REFUELING,ALXP,"60, Energy","6010, Energy","601020, Alternative Energy","60102010, Alternative Fuels"
ARTE,ARTE.PA,34173656.0,FR0012185536,ARTEA,XPAR,"35, Real Estate","3510, Real Estate","351010, Real Estate Investment and Services","35101010, Real Estate Holding and Development"
ALMKT,ALMKT.PA,33919512.0,FR0010609263,MAUNA KEA TECH,ALXP,"20, Health Care","2010, Health Care","201020, Medical Equipment and Services","20102010, Medical Equipment"
ALUNT,ALUNT.PA,33221580.0,FR0012709160,UNITI,ALXP,"35, Real Estate","3510, Real Estate","351020, Real Estate Investment Trusts","35102040, Residential REITs"
ALFOR,ALFOR.PA,31748836.0,FR0014005SB3,FORSEE POWER,ALXP,"50, Industrials","5020, Industrial Goods and Services","502020, Electronic and Electrical Equipment","50202010, Electrical Components"
ALGEN,ALGEN.PA,30230840.0,FR0004053510,GENOWAY,ALXP,"20, Health Care","2010, Health Care","201030, Pharmaceuticals and Biotechnology","20103010, Biotechnology"
ALCBI,ALCBI.PA,29895890.0,FR0014007LW0,CBI,ALXP,"40, Consumer Discretionary","4020, Consumer Products and Services","402030, Leisure Goods","40203040, Electronic Entertainment"
ALMIN,ALMIN.PA,29502574.0,FR0004172450,MINT,ALXP,"65, Utilities","6510, Utilities","651010, Electricity","65101010, Alternative Electricity"
ALBPK,ALBPK.PA,28960868.0,FR001400AJZ7,BROADPEAK,ALXP,"15, Telecommunications","1510, Telecommunications","151010, Telecommunications Equipment","15101010, Telecommunications Equipment"
ALITL,ALITL.PA,28942936.0,FR0000072597,IT LINK,ALXP,"10, Technology","1010, Technology","101010, Software and Computer Services","10101010, Computer Services"
GRVO,GRVO.PA,28791156.0,FR0000065971,GRAINES VOLTZ,XPAR,"40, Consumer Discretionary","4040, Retail","404010, Retailers","40401025, Home Improvement Retailers"
ALHUN,ALHUN.PA,28757654.0,FR0014007LQ2,HUNYVERS,ALXP,"40, Consumer Discretionary","4040, Retail","404010, Retailers","40401030, Specialty Retailers"
ALNSC,ALNSC.PA,28356272.0,FR0000064529,NSC GROUPE,ALXP,"50, Industrials","5020, Industrial Goods and Services","502040, Industrial Engineering","50204050, Machinery: Specialty"
ALIMP,ALIMP.PA,28015938.0,FR0013470168,IMPLANET,ALXP,"20, Health Care","2010, Health Care","201020, Medical Equipment and Services","20102010, Medical Equipment"
ALPRG,ALPRG.PA,27651008.0,FR0010380626,PROLOGUE,ALXP,"10, Technology","1010, Technology","101010, Software and Computer Services","10101015, Software"
ALTOU,ALTOU.PA,27484720.0,FR0000033003,TOUAX,ALXP,"50, Industrials","5020, Industrial Goods and Services","502060, Industrial Transportation","50206030, Marine Transportation"
ALMER,ALMER.PA,27186756.0,FR0010776617,SAPMER,ALXP,"45, Consumer Staples","4510, Food, Beverage and Tobacco","451020, Food Producers","45102010, Farming, Fishing, Ranching and Plantations"
ALCOG,ALCOG.PA,26632120.0,FR0011071570,COGRA,ALXP,"55, Basic Materials","5510, Basic Resources","551010, Industrial Materials","55101010, Forestry"
ALNTG,ALNTG.PA,26102836.0,FR0004154060,NETGEM,ALXP,"15, Telecommunications","1510, Telecommunications","151020, Telecommunications Service Providers","15102015, Telecommunications Services"
ALHAF,ALHAF.PA,25783982.0,FR0014007ND6,HAFFNER ENERGY,ALXP,"60, Energy","6010, Energy","601020, Alternative Energy","60102010, Alternative Fuels"
ALDAR,ALDAR.PA,25603952.0,FR0000185423,DAMARTEX,ALXP,"40, Consumer Discretionary","4040, Retail","404010, Retailers","40401020, Apparel Retailers"
ALVAL,ALVAL.PA,25223048.0,FR0013254851,VALBIOTIS,ALXP,"20, Health Care","2010, Health Care","201030, Pharmaceuticals and Biotechnology","20103010, Biotechnology"
NACON,NACON.PA,24409120.0,FR0013482791,NACON,XPAR,"40, Consumer Discretionary","4020, Consumer Products and Services","402030, Leisure Goods","40203040, Electronic Entertainment"
ALTAI,ALTAI.PA,24330310.0,FR0013230950,LIGHTON,ALXP,"10, Technology","1010, Technology","101010, Software and Computer Services","10101015, Software"
EDI,EDI.PA,23730290.0,FR0000064404,MEDIA 6,XPAR,"40, Consumer Discretionary","4030, Média","403010, Média","40301020, Media Agencies"
ALROC,ALROC.PA,23300518.0,FR0010523167,ROCTOOL,ALXP,"50, Industrials","5020, Industrial Goods and Services","502040, Industrial Engineering","50204000, Machinery: Industrial"
ALDLS,ALDLS.PA,23236744.0,FR0010404368,D.L.S.I.,ALXP,"50, Industrials","5020, Industrial Goods and Services","502050, Industrial Support Services","50205025, Business Training and Employment Agencies"
ALMCE,ALMCE.PA,23119896.0,FR001400H3A0,MON COURTIER ENERG,ALXP,"50, Industrials","5020, Industrial Goods and Services","502050, Industrial Support Services","50205020, Professional Business Support Services"
ALWTR,ALWTR.PA,22862346.0,FR001400IUV6,WATERA,ALXP,"65, Utilities","6510, Utilities","651020, Gas, Water and Multi-utilities","65102030, Water"
ALU10,ALU10.PA,22538584.0,FR0000079147,U10 CORP,ALXP,"40, Consumer Discretionary","4020, Consumer Products and Services","402020, Household Goods and Home Construction","40202015, Household Furnishings"
ALIKO,ALIKO.PA,21831460.0,FR00140048X2,IKONISYS,ALXP,"20, Health Care","2010, Health Care","201020, Medical Equipment and Services","20102010, Medical Equipment"
MDM,MDM.PA,21563190.0,FR0013153541,MAISONS DU MONDE,XPAR,"40, Consumer Discretionary","4020, Consumer Products and Services","402020, Household Goods and Home Construction","40202015, Household Furnishings"
ALGID,ALGID.PA,21137568.0,FR0000072373,EGIDE,ALXP,"50, Industrials","5020, Industrial Goods and Services","502020, Electronic and Electrical Equipment","50202010, Electrical Components"
ALXIL,ALXIL.PA,21101566.0,FR0004034072,XILAM ANIMATION,ALXP,"40, Consumer Discretionary","4030, Média","403010, Média","40301035, Radio and TV Broadcasters"
ALHIT,ALHIT.PA,20959078.0,FR0010396309,HITECHPROS,ALXP,"10, Technology","1010, Technology","101010, Software and Computer Services","10101010, Computer Services"
ALTD,ALTD.PA,20954818.0,FR001400H2X4,TONNER DRONES,ALXP,"50, Industrials","5020, Industrial Goods and Services","502010, Aerospace and Defense","50201010, Aerospace"
ALLOG,ALLOG.PA,20883272.0,FR0000044943,LOGIC INSTRUMENT,ALXP,"10, Technology","1010, Technology","101020, Technology Hardware and Equipment","10102030, Computer Hardware"
SIGHT,SIGHT.PA,20657140.0,FR0013183985,GENSIGHT BIOLOGICS,XPAR,"20, Health Care","2010, Health Care","201030, Pharmaceuticals and Biotechnology","20103010, Biotechnology"
ALBIO,ALBIO.PA,20551582.0,FR0011005933,BIOSYNEX,ALXP,"20, Health Care","2010, Health Care","201020, Medical Equipment and Services","20102010, Medical Equipment"
FINM,FINM.PA,19967538.0,FR0000060824,FINANCIERE MARJOS,XPAR,"40, Consumer Discretionary","4040, Retail","404010, Retailers","40401020, Apparel Retailers"
ALFUM,ALFUM.PA,19870276.0,FR001400AEM6,FILL UP MEDIA,ALXP,"40, Consumer Discretionary","4030, Média","403010, Média","40301020, Media Agencies"
PRC,PRC.PA,19821514.0,FR0000074783,ARTMARKET COM,XPAR,"40, Consumer Discretionary","4030, Média","403010, Média","40301030, Publication"
ALPAS,ALPAS.PA,19505688.0,FR0000038465,PASSAT,ALXP,"40, Consumer Discretionary","4030, Média","403010, Média","40301020, Media Agencies"
ALCWE,ALCWE.PA,19251178.0,FR001400AJ60,CHARWOOD ENERGY,ALXP,"65, Utilities","6510, Utilities","651010, Electricity","65101010, Alternative Electricity"
ALTUV,ALTUV.PA,18295238.0,FR0013345493,BIO-UV GROUP,ALXP,"50, Industrials","5020, Industrial Goods and Services","502020, Electronic and Electrical Equipment","50202020, Electronic Equipment: Control and Filter"
ALTRI,ALTRI.PA,17882736.0,FR0010397901,TRILOGIQ,ALXP,"50, Industrials","5020, Industrial Goods and Services","502040, Industrial Engineering","50204000, Machinery: Industrial"
AELIS,AELIS.PA,17398242.0,FR0014007ZB4,AELIS FARMA,XPAR,"20, Health Care","2010, Health Care","201030, Pharmaceuticals and Biotechnology","20103010, Biotechnology"
FIPP,FIPP.PA,16724716.0,FR0000038184,FIPP,XPAR,"30, Financials","3020, Financial Services","302020, Investment Banking and Brokerage Services","30202000, Diversified Financial Services"
VMX,VMX.PA,16236107.0,FR0010291245,VERIMATRIX,XPAR,"10, Technology","1010, Technology","101010, Software and Computer Services","10101015, Software"
ALVIN,ALVIN.PA,16028508.0,FR001400AXT1,VINPAI,ALXP,"45, Consumer Staples","4510, Food, Beverage and Tobacco","451020, Food Producers","45102030, Fruit and Grain Processing"
ALGIR,ALGIR.PA,15601284.0,FR0000060790,SIGNAUX GIROD,ALXP,"50, Industrials","5020, Industrial Goods and Services","502040, Industrial Engineering","50204000, Machinery: Industrial"
OREGE,OREGE.PA,15492797.0,FR0010609206,OREGE,XPAR,"65, Utilities","6510, Utilities","651030, Waste and Disposal Services","65103035, Waste and Disposal Services"
ALSAS,ALSAS.PA,15478920.0,FR0000074775,STRADIM ESPAC.FIN,ALXP,"35, Real Estate","3510, Real Estate","351010, Real Estate Investment and Services","35101010, Real Estate Holding and Development"
ALEMG,ALEMG.PA,15279546.0,FR0000075343,LABO EUROMEDIS,ALXP,"20, Health Care","2010, Health Care","201020, Medical Equipment and Services","20102015, Medical Supplies"
ALSEC,ALSEC.PA,15153065.0,FR0000078321,SODITECH,ALXP,"50, Industrials","5020, Industrial Goods and Services","502050, Industrial Support Services","50205020, Professional Business Support Services"
ALNRG,ALNRG.PA,14727002.0,FR0013399359,ENERGISME,ALXP,"10, Technology","1010, Technology","101010, Software and Computer Services","10101015, Software"
ALBIZ,ALBIZ.PA,14262778.0,FR0014003711,OBIZ,ALXP,"40, Consumer Discretionary","4030, Média","403010, Média","40301020, Media Agencies"
HDP,HDP.PA,13961394.0,FR0004165801,HOTELS DE PARIS,XPAR,"40, Consumer Discretionary","4050, Travel and Leisure","405010, Travel and Leisure","40501025, Hotels and Motels"
ALKKO,ALKKO.PA,13841741.0,FR0013374667,KKO INTERNATIONAL,ALXP,"45, Consumer Staples","4510, Food, Beverage and Tobacco","451020, Food Producers","45102010, Farming, Fishing, Ranching and Plantations"
ALEMV,ALEMV.PA,13798520.0,FR0013356755,EMOVA GROUP,ALXP,"40, Consumer Discretionary","4040, Retail","404010, Retailers","40401030, Specialty Retailers"
POXEL,POXEL.PA,13684142.0,FR0012432516,POXEL,XPAR,"20, Health Care","2010, Health Care","201030, Pharmaceuticals and Biotechnology","20103010, Biotechnology"
ALIBR,ALIBR.PA,13364664.0,FR0014004QR6,CALIBRE,ALXP,"40, Consumer Discretionary","4020, Consumer Products and Services","402030, Leisure Goods","40203045, Toys"
ALHF,ALHF.PA,13352035.0,FR0000038531,HF COMPANY,ALXP,"15, Telecommunications","1510, Telecommunications","151010, Telecommunications Equipment","15101010, Telecommunications Equipment"
ALINS,ALINS.PA,13270825.0,FR0011179886,INTRASENSE,ALXP,"20, Health Care","2010, Health Care","201020, Medical Equipment and Services","20102010, Medical Equipment"
ALBOA,ALBOA.PA,12776808.0,FR0011365907,BOA CONCEPT,ALXP,"50, Industrials","5020, Industrial Goods and Services","502050, Industrial Support Services","50205020, Professional Business Support Services"
ALNXT,ALNXT.PA,12252324.0,FR0004171346,NEXTEDIA,ALXP,"10, Technology","1010, Technology","101010, Software and Computer Services","10101010, Computer Services"
ALRGR,ALRGR.PA,12236714.0,FR0000037640,ROUGIER S.A.,ALXP,"55, Basic Materials","5510, Basic Resources","551010, Industrial Materials","55101010, Forestry"
ALECO,ALECO.PA,11971060.0,FR0013534617,ECOMIAM,ALXP,"45, Consumer Staples","4520, Personal Care, Drug and Grocery Stores","452010, Personal Care, Drug and Grocery Stores","45201010, Food Retailers and Wholesalers"
ALTRA,ALTRA.PA,11904179.0,FR0014014ZV8,TRACTIAL,ALXP,"10, Technology","1010, Technology","101010, Software and Computer Services","10101020, Consumer Digital Services"
ALMGI,ALMGI.PA,11764905.0,FR0010204453,MG INTERNATIONAL,ALXP,"40, Consumer Discretionary","4020, Consumer Products and Services","402030, Leisure Goods","40203050, Recreational Products"
ALGLD,ALGLD.PA,11747855.0,FR0011208693,GOLD BY GOLD,ALXP,"55, Basic Materials","5510, Basic Resources","551030, Precious Metals and Mining","55103025, Gold Mining"
ALNFL,ALNFL.PA,11354329.0,FR0014003XT0,NFL BIOSCIENCES,ALXP,"20, Health Care","2010, Health Care","201030, Pharmaceuticals and Biotechnology","20103010, Biotechnology"
ALMLB,ALMLB.PA,11067979.0,FR0013053535,MILIBOO,ALXP,"40, Consumer Discretionary","4020, Consumer Products and Services","402020, Household Goods and Home Construction","40202015, Household Furnishings"
ALCOF,ALCOF.PA,11043072.0,FR0013257409,COFIDUR,ALXP,"50, Industrials","5020, Industrial Goods and Services","502020, Electronic and Electrical Equipment","50202040, Electronic Equipment: Other"
EFI,EFI.PA,10874249.0,FR0000061475,EURASIA FONC INV,XPAR,"35, Real Estate","3510, Real Estate","351010, Real Estate Investment and Services","35101010, Real Estate Holding and Development"
ALVGO,ALVGO.PA,10860837.0,FR0011532225,VOGO,ALXP,"10, Technology","1010, Technology","101010, Software and Computer Services","10101015, Software"
ALTXC,ALTXC.PA,10804552.0,FR0010654087,TXCOM,ALXP,"15, Telecommunications","1510, Telecommunications","151010, Telecommunications Equipment","15101010, Telecommunications Equipment"
ALPRI,ALPRI.PA,10796928.0,FR0004044600,PRISMAFLEX INTL,ALXP,"40, Consumer Discretionary","4030, Média","403010, Média","40301020, Media Agencies"
ALPRE,ALPRE.PA,10639356.0,FR0010169920,PREDILIFE,ALXP,"20, Health Care","2010, Health Care","201010, Health Care Providers","20101025, Health Care Services"
SFCA,SFCA.PA,10490488.0,FR0010209809,SOC FRANC CASINOS,XPAR,"40, Consumer Discretionary","4050, Travel and Leisure","405010, Travel and Leisure","40501020, Casinos and Gambling"
ALI2S,ALI2S.PA,10306570.0,FR0005854700,I2S,ALXP,"50, Industrials","5020, Industrial Goods and Services","502020, Electronic and Electrical Equipment","50202025, Electronic Equipment: Gauges and Meters"
ALWIT,ALWIT.PA,9408570.0,FR0013143872,WITBE,ALXP,"10, Technology","1010, Technology","101010, Software and Computer Services","10101015, Software"
ALCBX,ALCBX.PA,9391775.0,FR0000054322,CIBOX INTER A CTIV,ALXP,"10, Technology","1010, Technology","101020, Technology Hardware and Equipment","10102030, Computer Hardware"
ALEUA,ALEUA.PA,9242114.0,FR0010844001,EURASIA GROUPE,ALXP,"35, Real Estate","3510, Real Estate","351010, Real Estate Investment and Services","35101010, Real Estate Holding and Development"
ALSGD,ALSGD.PA,9222242.0,FR0011464452,SPINEGUARD,ALXP,"20, Health Care","2010, Health Care","201020, Medical Equipment and Services","20102010, Medical Equipment"
ALERO,ALERO.PA,9124692.0,FR0010157115,EUROLAND CORPORATE,ALXP,"30, Financials","3020, Financial Services","302020, Investment Banking and Brokerage Services","30202015, Investment Services"
ALQWA,ALQWA.PA,8978517.0,FR0010889386,QWAMPLIFY,ALXP,"40, Consumer Discretionary","4030, Média","403010, Média","40301020, Media Agencies"
ALOPM,ALOPM.PA,8790064.0,FR001400CM63,ONCODESIGN PM,ALXP,"20, Health Care","2010, Health Care","201030, Pharmaceuticals and Biotechnology","20103010, Biotechnology"
ALGTR,ALGTR.PA,8726192.0,FR0013429404,GROUPE TERA,ALXP,"50, Industrials","5020, Industrial Goods and Services","502020, Electronic and Electrical Equipment","50202030, Electronic Equipment: Pollution Control"
AUGR,AUGR.PA,8586088.0,FR0000061780,AUGROS COSMETIC,XPAR,"50, Industrials","5020, Industrial Goods and Services","502030, General Industrials","50203030, Containers and Packaging"
ALWF,ALWF.PA,8118351.0,FR0014000P11,WINFARM,ALXP,"45, Consumer Staples","4510, Food, Beverage and Tobacco","451020, Food Producers","45102010, Farming, Fishing, Ranching and Plantations"
ALBLU,ALBLU.PA,8100594.0,FR0011041011,BLUELINEA,ALXP,"20, Health Care","2010, Health Care","201020, Medical Equipment and Services","20102010, Medical Equipment"
ALVAP,ALVAP.PA,8048523.0,FR0013419876,KUMULUS VAPE,ALXP,"40, Consumer Discretionary","4040, Retail","404010, Retailers","40401030, Specialty Retailers"
COUR,COUR.PA,8031627.0,FR0000065393,COURTOIS,XPAR,"35, Real Estate","3510, Real Estate","351010, Real Estate Investment and Services","35101010, Real Estate Holding and Development"
ALNN6,ALNN6.PA,7999157.0,FR0013330792,ENENSYS,ALXP,"10, Technology","1010, Technology","101010, Software and Computer Services","10101015, Software"
ALAGO,ALAGO.PA,7853002.0,FR0014004339,E PANGO,ALXP,"65, Utilities","6510, Utilities","651010, Electricity","65101010, Alternative Electricity"
EEM,EEM.PA,7830598.0,FR0000035719,ELECT. MADAGASCAR,XPAR,"35, Real Estate","3510, Real Estate","351010, Real Estate Investment and Services","35101010, Real Estate Holding and Development"
ALUPG,ALUPG.PA,7785094.0,FR0010337865,UPERGY,ALXP,"40, Consumer Discretionary","4040, Retail","404010, Retailers","40401010, Diversified Retailers"
ALGRO,ALGRO.PA,7616841.0,FR0014005ZM5,GROLLEAU,ALXP,"50, Industrials","5020, Industrial Goods and Services","502050, Industrial Support Services","50205010, Industrial Suppliers"
ALPAT,ALPAT.PA,7603463.0,FR0010785790,PLANT ADVANCED,ALXP,"20, Health Care","2010, Health Care","201030, Pharmaceuticals and Biotechnology","20103010, Biotechnology"
ALEO2,ALEO2.PA,7561426.0,FR0010465534,EO2,ALXP,"60, Energy","6010, Energy","601020, Alternative Energy","60102010, Alternative Fuels"
ALINN,ALINN.PA,7421121.0,FR0000064297,INNELEC MULTIMEDIA,ALXP,"10, Technology","1010, Technology","101010, Software and Computer Services","10101015, Software"
FPG,FPG.PA,7342272.0,FR0000074197,UNION TECH.INFOR.,XPAR,"10, Technology","1010, Technology","101010, Software and Computer Services","10101010, Computer Services"
ALPAU,ALPAU.PA,7291834.0,FR0013479730,PAULIC MEUNERIE,ALXP,"45, Consumer Staples","4510, Food, Beverage and Tobacco","451020, Food Producers","45102030, Fruit and Grain Processing"
BIG,BIG.PA,6993046.0,FR0000074072,BIGBEN INTERACTIVE,XPAR,"40, Consumer Discretionary","4020, Consumer Products and Services","402030, Leisure Goods","40203040, Electronic Entertainment"
ALDBL,ALDBL.PA,6856195.0,FR0000066961,BERNARD LOISEAU,ALXP,"40, Consumer Discretionary","4050, Travel and Leisure","405010, Travel and Leisure","40501040, Restaurants and Bars"
AVT,AVT.PA,6590128.0,FR001400CFI7,AVENIR TELECOM,XPAR,"15, Telecommunications","1510, Telecommunications","151010, Telecommunications Equipment","15101010, Telecommunications Equipment"
ALKLK,ALKLK.PA,6440973.0,FR0013156007,KERLINK,ALXP,"15, Telecommunications","1510, Telecommunications","151010, Telecommunications Equipment","15101010, Telecommunications Equipment"
ALUVI,ALUVI.PA,6257019.0,FR0011898584,UV GERMI,ALXP,"50, Industrials","5020, Industrial Goods and Services","502020, Electronic and Electrical Equipment","50202030, Electronic Equipment: Pollution Control"
ALLGO,ALLGO.PA,6247534.0,FR0013308582,LARGO,ALXP,"10, Technology","1010, Technology","101020, Technology Hardware and Equipment","10102030, Computer Hardware"
ALESA,ALESA.PA,6220518.0,FR0011490648,ECOSLOPS,ALXP,"60, Energy","6010, Energy","601010, Oil, Gas and Coal","60101030, Oil Equipment and Services"
ALMET,ALMET.PA,6079318.0,FR0011217710,METHANOR,ALXP,"65, Utilities","6510, Utilities","651010, Electricity","65101010, Alternative Electricity"
ALDUB,ALDUB.PA,6018057.0,FR0004030708,ENCRES DUBUIT,ALXP,"55, Basic Materials","5520, Chemicals","552010, Chemicals","55201000, Chemicals: Diversified"
ALDNE,ALDNE.PA,5469756.0,FR0013331212,DONTNOD,ALXP,"40, Consumer Discretionary","4020, Consumer Products and Services","402030, Leisure Goods","40203040, Electronic Entertainment"
ALSPW,ALSPW.PA,5225025.0,FR001400N2P2,SPINEWAY,ALXP,"20, Health Care","2010, Health Care","201020, Medical Equipment and Services","20102010, Medical Equipment"
ALQGC,ALQGC.PA,5026087.0,FR0011648971,QUANTUM GENOMICS,ALXP,"20, Health Care","2010, Health Care","201030, Pharmaceuticals and Biotechnology","20103010, Biotechnology"
PROAC,PROAC.PA,5011343.0,FR0004052561,PROACTIS SA,XPAR,"10, Technology","1010, Technology","101010, Software and Computer Services","10101020, Consumer Digital Services"
ALVIA,ALVIA.PA,4830248.0,FR0010326090,VIALIFE,ALXP,"40, Consumer Discretionary","4040, Retail","404010, Retailers","40401030, Specialty Retailers"
ALEXP,ALEXP.PA,4706621.0,FR0013266772,ONE EXPERIENCE,ALXP,"50, Industrials","5020, Industrial Goods and Services","502050, Industrial Support Services","50205020, Professional Business Support Services"
ALMUN,ALMUN.PA,4607116.0,FR0013462231,MUNIC,ALXP,"10, Technology","1010, Technology","101010, Software and Computer Services","10101010, Computer Services"
ALMAR,ALMAR.PA,4540928.0,FR0013400835,MARE NOSTRUM,ALXP,"50, Industrials","5020, Industrial Goods and Services","502050, Industrial Support Services","50205025, Business Training and Employment Agencies"
ALFLO,ALFLO.PA,4289320.0,FR001400GO75,FLORENTAISE,ALXP,"55, Basic Materials","5520, Chemicals","552010, Chemicals","55201015, Fertilizers"
ALSPT,ALSPT.PA,4118741.0,FR00140043Y1,SPARTOO,ALXP,"40, Consumer Discretionary","4040, Retail","404010, Retailers","40401020, Apparel Retailers"
ALNLF,ALNLF.PA,4066849.0,FR0011636083,NEOLIFE,ALXP,"50, Industrials","5010, Construction and Materials","501010, Construction and Materials","50101035, Building Materials: Other"
GJAJ,GJAJ.PA,3810205.0,FR0004010338,GROUPE JAJ,XPAR,"40, Consumer Discretionary","4020, Consumer Products and Services","402040, Personal Goods","40204020, Clothing and Accessories"
ALENT,ALENT.PA,3624883.0,FR0010424697,ETHERO,ALXP,"10, Technology","1010, Technology","101010, Software and Computer Services","10101020, Consumer Digital Services"
NR21,NR21.PA,3607282.0,FR0014001PV6,NR21,XPAR,"40, Consumer Discretionary","4040, Retail","404010, Retailers","40401020, Apparel Retailers"
ALOKW,ALOKW.PA,3484843.0,FR0013439627,GROUPE OKWIND,ALXP,"65, Utilities","6510, Utilities","651010, Electricity","65101010, Alternative Electricity"
CHSR,CHSR.PA,3361162.0,FR0000060907,CHAUSSERIA,XPAR,"40, Consumer Discretionary","4020, Consumer Products and Services","402040, Personal Goods","40204025, Footwear"
ALREA,ALREA.PA,3322778.0,FR0011858190,REALITES,ALXP,"35, Real Estate","3510, Real Estate","351010, Real Estate Investment and Services","35101010, Real Estate Holding and Development"
ALDEV,ALDEV.PA,3050391.0,FR0000060840,DEVERNOIS,ALXP,"40, Consumer Discretionary","4020, Consumer Products and Services","402040, Personal Goods","40204020, Clothing and Accessories"
ALORD,ALORD.PA,3016667.0,FR0013318052,ORDISSIMO,ALXP,"10, Technology","1010, Technology","101020, Technology Hardware and Equipment","10102030, Computer Hardware"
EOS,EOS.PA,3008370.0,FR0000076861,ACTEOS,XPAR,"10, Technology","1010, Technology","101010, Software and Computer Services","10101015, Software"
ALIMR,ALIMR.PA,2942432.0,FR0013060100,IMMERSION,ALXP,"10, Technology","1010, Technology","101010, Software and Computer Services","10101015, Software"
ALHPI,ALHPI.PA,2861654.0,FR0014010QE1,HOPIUM,ALXP,"40, Consumer Discretionary","4010, Automobiles and Parts","401010, Automobiles and Parts","40101020, Automobiles"
ALGEC,ALGEC.PA,2760941.0,FR001400M1R1,GECI INTL,ALXP,"10, Technology","1010, Technology","101010, Software and Computer Services","10101010, Computer Services"
BUI,BUI.PA,2652709.0,FR0000062788,BARBARA BUI,XPAR,"40, Consumer Discretionary","4020, Consumer Products and Services","402040, Personal Goods","40204020, Clothing and Accessories"
EGR,EGR.PA,2598474.0,FR0000035784,EVERGREEN,XPAR,"10, Technology","1010, Technology","101020, Technology Hardware and Equipment","10102030, Computer Hardware"
ITXT,ITXT.PA,2530000.0,FR0000064958,INTEXA,XPAR,"40, Consumer Discretionary","4020, Consumer Products and Services","402040, Personal Goods","40204020, Clothing and Accessories"
ALDOL,ALDOL.PA,2285024.0,FR001400SP13,DOLFINES,ALXP,"60, Energy","6010, Energy","601010, Oil, Gas and Coal","60101030, Oil Equipment and Services"
ALNMG,ALNMG.PA,2226082.0,FR001400RF99,NETMEDIA GROUP,ALXP,"40, Consumer Discretionary","4030, Média","403010, Média","40301020, Media Agencies"
ALKLA,ALKLA.PA,2060002.0,FR0011038348,KLARSEN,ALXP,"40, Consumer Discretionary","4030, Média","403010, Média","40301020, Media Agencies"
ALBPS,ALBPS.PA,1878401.0,FR001400OLP5,BIOPHYTIS,ALXP,"20, Health Care","2010, Health Care","201030, Pharmaceuticals and Biotechnology","20103010, Biotechnology"
ALINT,ALINT.PA,1814074.0,FR0010908723,INTEGRAGEN,ALXP,"20, Health Care","2010, Health Care","201030, Pharmaceuticals and Biotechnology","20103010, Biotechnology"
SLCO,SLCO.PA,1800395.0,FR0000065492,SELCODIS,XPAR,"50, Industrials","5020, Industrial Goods and Services","502050, Industrial Support Services","50205010, Industrial Suppliers"
ALSRS,ALSRS.PA,1655847.0,FR0010812230,SIRIUS MEDIA,ALXP,"40, Consumer Discretionary","4030, Média","403010, Média","40301020, Media Agencies"
ALLPL,ALLPL.PA,1551802.0,FR001400F2Z1,LEPERMISLIBRE,ALXP,"40, Consumer Discretionary","4020, Consumer Products and Services","402010, Consumer Services","40201010, Education Services"
CFI,CFI.PA,1485710.0,FR0000037475,CFI,XPAR,"35, Real Estate","3510, Real Estate","351010, Real Estate Investment and Services","35101010, Real Estate Holding and Development"
ALNMR,ALNMR.PA,1337519.0,FR0014003J32,NAMR,ALXP,"10, Technology","1010, Technology","101010, Software and Computer Services","10101010, Computer Services"
ALTHO,ALTHO.PA,1210561.0,FR00140066X4,METAVISIO,ALXP,"10, Technology","1010, Technology","101020, Technology Hardware and Equipment","10102030, Computer Hardware"
ALUCI,ALUCI.PA,1006668.0,FR0014013HG9,LUCIBEL,ALXP,"50, Industrials","5020, Industrial Goods and Services","502020, Electronic and Electrical Equipment","50202040, Electronic Equipment: Other"
ALMAS,ALMAS.PA,973781.0,FR0004155687,MASTRAD,ALXP,"40, Consumer Discretionary","4020, Consumer Products and Services","402020, Household Goods and Home Construction","40202025, Household Equipment and Products"
ALEUP,ALEUP.PA,708219.0,FR0014011QJ8,EUROPLASMA,ALXP,"65, Utilities","6510, Utilities","651030, Waste and Disposal Services","65103035, Waste and Disposal Services"
MHM,MHM.PA,642129.0,FR001400IE67,MYHOTELMATCH,XPAR,"40, Consumer Discretionary","4050, Travel and Leisure","405010, Travel and Leisure","40501015, Travel and Tourism"
ALDBT,ALDBT.PA,615373.0,FR001400LO86,DBT,ALXP,"50, Industrials","5020, Industrial Goods and Services","502020, Electronic and Electrical Equipment","50202010, Electrical Components"
ALIMO,ALIMO.PA,517091.0,FR0014000RP6,GROUPIMO,ALXP,"35, Real Estate","3510, Real Estate","351010, Real Estate Investment and Services","35101010, Real Estate Holding and Development"
LEBL,LEBL.PA,480000.0,FR0000065930,FONCIERE 7 INVEST,XPAR,"50, Industrials","5020, Industrial Goods and Services","502020, Electronic and Electrical Equipment","50202010, Electrical Components"
ALCAB,ALCAB.PA,453063.0,FR001400DIY6,CABASSE,ALXP,"40, Consumer Discretionary","4020, Consumer Products and Services","402030, Leisure Goods","40203010, Consumer Electronics"
ALVG,ALVG.PA,217013.0,FR0013530102,VEOM GROUP,ALXP,"40, Consumer Discretionary","4020, Consumer Products and Services","402030, Leisure Goods","40203010, Consumer Electronics"
ALTOO,ALTOO.PA,198964.0,FR00140062B9,TOOSLA,ALXP,"40, Consumer Discretionary","4020, Consumer Products and Services","402010, Consumer Services","40201040, Rental and Leasing Services: Consumer"
ALBOO,ALBOO.PA,121271.0,FR00140153G5,BOOSTHEAT,ALXP,"60, Energy","6010, Energy","601020, Alternative Energy","60102020, Renewable Energy Equipment"
ALSAF,ALSAF.PA,116888.0,FR001400ZU25,SAFE,ALXP,"20, Health Care","2010, Health Care","201020, Medical Equipment and Services","20102015, Medical Supplies"
ALNEV,ALNEV.PA,190.0,FR0014010856,NEOVACS,ALXP,"20, Health Care","2010, Health Care","201030, Pharmaceuticals and Biotechnology","20103010, Biotechnology"
ML,ML.PA,0.0,FR001400AJ45,MICHELIN,XPAR,"40, Consumer Discretionary","4010, Automobiles and Parts","401010, Automobiles and Parts","40101015, Tires"
CSNV,CSNV.PA,,FR0014013Q98,AXA NV26,XPAR,"30, Financials","3030, Insurance","303020, Non-life Insurance","30302010, Full Line Insurance"
BIBS3,BIBS3.PA,,FR0014016WC0,BIOPHYTIS BSA31,ALXP,"20, Health Care","2010, Health Care","201030, Pharmaceuticals and Biotechnology","20103010, Biotechnology"
CBBSA,CBBSA.PA,,FR001400O416,CBI BSA A,ALXP,"40, Consumer Discretionary","4020, Consumer Products and Services","402030, Leisure Goods","40203040, Electronic Entertainment"
CBSAB,CBSAB.PA,,FR001400O408,CBI BSA B,ALXP,"40, Consumer Discretionary","4020, Consumer Products and Services","402030, Leisure Goods","40203040, Electronic Entertainment"
CJBS,CJBS.PA,,FR001400UR90,CROSSJECT BS27,ALXP,"20, Health Care","2010, Health Care","201020, Medical Equipment and Services","20102010, Medical Equipment"
DEEZW,DEEZW.PA,,FR0014004JF6,DEEZER WARRANTS,XPAR,"10, Technology","1010, Technology","101010, Software and Computer Services","10101020, Consumer Digital Services"
BNBS,BNBS.PA,,FR0014007951,DRONE VOLT BS28,ALXP,"50, Industrials","5020, Industrial Goods and Services","502010, Aerospace and Defense","50201010, Aerospace"
GIDBS,GIDBS.PA,,FR001400TAW3,EGIDE BSA,ALXP,"50, Industrials","5020, Industrial Goods and Services","502020, Electronic and Electrical Equipment","50202010, Electrical Components"
HAFBS,HAFBS.PA,,FR001400Y4X9,HAFFNER ENERGY BSA,ALXP,"60, Energy","6010, Energy","601020, Alternative Energy","60102010, Alternative Fuels"
ALCPA,ALCPA.PA,,FR001400NQB6,MACOMPTA.FR,ALXP,"10, Technology","1010, Technology","101010, Software and Computer Services","10101015, Software"
MKTBS,MKTBS.PA,,FR00140140W9,MAUNA KEA BSA,ALXP,"20, Health Care","2010, Health Care","201020, Medical Equipment and Services","20102010, Medical Equipment"
MDTBS,MDTBS.PA,,FR0014011D04,MEDIAN TECH BSA,ALXP,"10, Technology","1010, Technology","101010, Software and Computer Services","10101015, Software"
NICBS,NICBS.PA,,FR001400QEQ3,NICOX BSA,ALXP,"20, Health Care","2010, Health Care","201030, Pharmaceuticals and Biotechnology","20103015, Pharmaceuticals"
ONEBS,ONEBS.PA,,FR00140126G1,ONE EXP BSA 2025 2,ALXP,"50, Industrials","5020, Industrial Goods and Services","502050, Industrial Support Services","50205020, Professional Business Support Services"
VACBS,VACBS.PA,,FR001400B4H9,PIERRE VAC BSA ACT,XPAR,"40, Consumer Discretionary","4050, Travel and Leisure","405010, Travel and Leisure","40501025, Hotels and Motels"
CBR,CBR.PA,,FR0000045619,ROBERTET CDV 87,XPAR,"55, Basic Materials","5520, Chemicals","552010, Chemicals","55201020, Specialty Chemicals"
TBSO,TBSO.PA,,FR0000063307,TBSO,XPAR,"50, Industrials","5020, Industrial Goods and Services","502050, Industrial Support Services","50205020, Professional Business Support Services"
TDBS2,TDBS2.PA,,FR0014012OE2,TD BSA 2025-2,ALXP,"50, Industrials","5020, Industrial Goods and Services","502010, Aerospace and Defense","50201010, Aerospace"
TDBS3,TDBS3.PA,,FR0014012ZX8,TD BSA 2025-3,ALXP,"50, Industrials","5020, Industrial Goods and Services","502010, Aerospace and Defense","50201010, Aerospace"
TERBS,TERBS.PA,,FR0014000TB2,TERACT BS,XPAR,"40, Consumer Discretionary","4040, Retail","404010, Retailers","40401010, Diversified Retailers"
TDBS,TDBS.PA,,FR001400RIB4,TONNER DRONES BSA,ALXP,"50, Industrials","5020, Industrial Goods and Services","502010, Aerospace and Defense","50201010, Aerospace"
