isin,symbol,yahoo_ticker,name,sector,industry,market_cap
FR0000121014,MC,MC.PA,LVMH,Consumer Cyclical,Luxury Goods,233578299392.0
FR0000120321,OR,OR.PA,L'OREAL,Consumer Defensive,Household & Personal Products,191201083392.0
FR0000052292,RMS,RMS.PA,HERMES INTL,Consumer Cyclical,Luxury Goods,174813315072.0
FR0000120271,TTE,TTE.PA,TOTALENERGIES,Energy,Oil & Gas Integrated,169685237760.0
FR0000121972,SU,SU.PA,SCHNEIDER ELECTRIC,Industrials,Specialty Industrial Machinery,132734812160.0
FR0000073272,SAF,SAF.PA,SAFRAN,Industrials,Aerospace & Defense,119360331776.0
FR0000120073,AI,AI.PA,AIR LIQUIDE,Basic Materials,Specialty Chemicals,104159617024.0
FR0000120578,SAN,SAN.PA,SANOFI,Healthcare,Drug Manufacturers - General,99349479424.0
FR0000131104,BNP,BNP.PA,BNP PARIBAS ACT.A,Financial Services,Banks - Regional,91763335168.0
FR0000121667,EL,EL.PA,ESSILORLUXOTTICA,Healthcare,Medical Instruments & Supplies,88120745984.0
FR0000120628,CS,CS.PA,AXA,Financial Services,Insurance - Diversified,83263152128.0
FR0000130403,CDI,CDI.PA,CHRISTIAN DIOR,Consumer Cyclical,Luxury Goods,80571367424.0
FR0010208488,ENGI,ENGI.PA,ENGIE,Utilities,Utilities - Diversified,73492987904.0
FR0000125486,DG,DG.PA,VINCI,Industrials,Engineering & Construction,72932114432.0
FR0000121329,HO,HO.PA,THALES,Industrials,Aerospace & Defense,54976208896.0
FR0000045072,ACA,ACA.PA,CREDIT AGRICOLE,Financial Services,Banks - Regional,49513615360.0
FR0000133308,ORA,ORA.PA,ORANGE,Communication Services,Telecom Services,47556980736.0
FR0000130809,GLE,GLE.PA,SOCIETE GENERALE,Financial Services,Banks - Regional,46884425728.0
FR0000120644,BN,BN.PA,DANONE,Consumer Defensive,Packaged Foods,44325576704.0
FR0010307819,LR,LR.PA,LEGRAND,Industrials,Electrical Equipment & Parts,35540824064.0
FR0000125007,SGO,SGO.PA,SAINT GOBAIN,Industrials,Building Products & Equipment,34763165696.0
FR0000121485,KER,KER.PA,KERING,Consumer Cyclical,Luxury Goods,32524902400.0
FR0014004L86,AM,AM.PA,DASSAULT AVIATION,Industrials,Aerospace & Defense,26108899328.0
FR0000124141,VIE,VIE.PA,VEOLIA ENVIRON.,Industrials,Waste Management,24478251008.0
FR0014003TT8,DSY,DSY.PA,DASSAULT SYSTEMES,Technology,Software - Application,23134967808.0
FR0000120503,EN,EN.PA,BOUYGUES,Industrials,Engineering & Construction,19377119232.0
FR0000130577,PUB,PUB.PA,PUBLICIS GROUPE SA,Communication Services,Advertising Agencies,18037460992.0
FR0000125338,CAP,CAP.PA,CAPGEMINI,Technology,Information Technology Services,17246679040.0
FR0013154002,DIM,DIM.PA,SARTORIUS STED BIO,Healthcare,Medical Instruments & Supplies,16451433472.0
FR0000120693,RI,RI.PA,PERNOD RICARD,Consumer Defensive,Beverages - Wineries & Distilleries,15869479936.0
FR0004125920,AMUN,AMUN.PA,AMUNDI,Financial Services,Asset Management,15091772416.0
FR0013326246,URW,URW.PA,UNIBAIL-RODAMCO-WE,Real Estate,REIT - Retail,14191091712.0
FR0010259150,IPN,IPN.PA,IPSEN,Healthcare,Drug Manufacturers - Specialty & Generic,13803042816.0
FR0000039299,BOL,BOL.PA,BOLLORE,Communication Services,Entertainment,13491271680.0
FR0000130452,FGR,FGR.PA,EIFFAGE,Industrials,Engineering & Construction,13061372928.0
FR0014000MR3,ERF,ERF.PA,EUROFINS SCIENT.,Healthcare,Diagnostics & Research,11725651968.0
FR0006174348,BVI,BVI.PA,BUREAU VERITAS,Industrials,Consulting Services,11722848256.0
FR0000120172,CA,CA.PA,CARREFOUR,Consumer Defensive,Grocery Stores,11459795968.0
FR0010220475,ALO,ALO.PA,ALSTOM,Industrials,Railroads,11213467648.0
FR0013280286,BIM,BIM.PA,BIOMERIEUX,Healthcare,Diagnostics & Research,11046403072.0
FR0010340141,ADP,ADP.PA,ADP,Industrials,Airports & Air Services,10974730240.0
FR0010533075,GET,GET.PA,GETLINK SE,Industrials,Railroads,10497094656.0
FR0010451203,RXL,RXL.PA,REXEL,Technology,Electronics & Computer Distribution,10075327488.0
FR0000120404,AC,AC.PA,ACCOR,Consumer Cyclical,Lodging,9975060480.0
FR0000121964,LI,LI.PA,KLEPIERRE,Real Estate,REIT - Retail,9657277440.0
FR0000131906,RNO,RNO.PA,RENAULT,Consumer Cyclical,Auto Manufacturers,8724194304.0
FR0013258662,AYV,AYV.PA,AYVENS,Industrials,Rental & Leasing Services,8192053760.0
FR0012333284,ABVX,ABVX.PA,ABIVAX,Healthcare,Biotechnology,8027577856.0
FR0011726835,GTT,GTT.PA,GTT,Energy,Oil & Gas Equipment & Services,7546323456.0
FR0012757854,SPIE,SPIE.PA,SPIE,Industrials,Engineering & Construction,7491103744.0
FR0000121220,SW,SW.PA,SODEXO,Industrials,Specialty Business Services,6600777728.0
FR001400SUB7,CBDG,CBDG.PA,CAMBODGE NOM.,Financial Services,Asset Management,6070844928.0
FR0000064578,COV,COV.PA,COVIVIO,Real Estate,REIT - Diversified,5954134016.0
FR0012435121,ELIS,ELIS.PA,ELIS,Industrials,Specialty Business Services,5705202176.0
FR0010411983,SCR,SCR.PA,SCOR SE,Financial Services,Insurance - Reinsurance,5529328128.0
FR0000062234,ODET,ODET.PA,COMPAGNIE ODET,Communication Services,Entertainment,5394305024.0
FR0010040865,GFC,GFC.PA,GECINA,Real Estate,REIT - Office,5169122304.0
FR0000044448,NEX,NEX.PA,NEXANS,Industrials,Electrical Equipment & Parts,5154814464.0
FR0013506730,VK,VK.PA,VALLOUREC,Basic Materials,Steel,5060578816.0
FR0013451333,FDJU,FDJU.PA,FDJ UNITED,Consumer Cyclical,Gambling,4811136000.0
FR0010313833,AKE,AKE.PA,ARKEMA,Basic Materials,Specialty Chemicals,4396002304.0
FR0010908533,EDEN,EDEN.PA,EDENRED,Financial Services,Credit Services,4005522432.0
FR0000077919,DEC,DEC.PA,JCDECAUX,Communication Services,Advertising Agencies,3926352896.0
FR0000060303,COVH,COVH.PA,COVIVIO HOTELS,Real Estate,REIT - Hotel & Motel,3744201216.0
FR0013269123,RUI,RUI.PA,RUBIS,Energy,Oil & Gas Refining & Marketing,3601489664.0
FR001400SF56,LOUP,LOUP.PA,LDC,Consumer Defensive,Farm Products,3473247232.0
FR001400Q9V2,EXENS,EXENS.PA,EXOSENS,Industrials,Electrical Equipment & Parts,3319754496.0
FR0000121204,MF,MF.PA,WENDEL,Financial Services,Asset Management,3248667904.0
FR0000045528,CAF,CAF.PA,CRCAM PARIS ET IDF,Financial Services,Banks - Regional,3143343360.0
FR0000031577,VIRP,VIRP.PA,VIRBAC,Healthcare,Drug Manufacturers - General,2940616192.0
FR0000051807,TEP,TEP.PA,TELEPERFORMANCE,Industrials,Specialty Business Services,2857013760.0
FR0013230612,TKO,TKO.PA,TIKEHAU CAPITAL,Financial Services,Asset Management,2842688000.0
FR0000031775,VCT,VCT.PA,VICAT,Basic Materials,Building Materials,2761338368.0
FR0005691656,TRI,TRI.PA,TRIGANO,Consumer Cyclical,Recreational Vehicles,2729549824.0
FR0000033219,ALTA,ALTA.PA,ALTAREA,Real Estate,REIT - Residential,2698412032.0
FR0000121121,RF,RF.PA,EURAZEO,Financial Services,Asset Management,2674841088.0
FR0000130213,MMB,MMB.PA,LAGARDERE SA,Consumer Cyclical,Specialty Retail,2644025856.0
FR0010221234,ETL,ETL.PA,EUTELSAT COMMUNIC.,Technology,Communication Equipment,2597344512.0
FR001400SU99,FMONC,FMONC.PA,MONCEY (FIN.) NOM.,Financial Services,Asset Management,2554077184.0
FR0013176526,FR,FR.PA,VALEO,Consumer Cyclical,Auto Parts,2526300416.0
FR0000050353,FII,FII.PA,LISI,Industrials,Aerospace & Defense,2523566080.0
FR0000121709,SK,SK.PA,S.E.B.,Consumer Cyclical,"Furnishings, Fixtures & Appliances",2434728448.0
FR0000050809,SOP,SOP.PA,SOPRA STERIA GROUP,Technology,Information Technology Services,2403710720.0
FR0000076952,ARTO,ARTO.PA,ARTOIS NOM.,Technology,Computer Hardware,2369179904.0
FR0010828137,CARM,CARM.PA,CARMILA,Real Estate,REIT - Retail,2360773632.0
FR001400J770,AF,AF.PA,AIR FRANCE -KLM,Industrials,Airlines,2354993408.0
FR0010667147,COFA,COFA.PA,COFACE,Financial Services,Insurance - Reinsurance,2275979520.0
FR0000062671,EXA,EXA.PA,EXAIL TECHNOLOGIES,Industrials,Aerospace & Defense,2257237760.0
FR0000120966,BB,BB.PA,BIC,Consumer Defensive,Household & Personal Products,2215618560.0
FR001400NLM4,EMEIS,EMEIS.PA,EMEIS,Healthcare,Medical Care Facilities,2204471808.0
FR0000051070,MAU,MAU.PA,MAUREL ET PROM,Energy,Oil & Gas E&P,2178868480.0
FR0000124570,OPM,OPM.PA,OPMOBILITY,Consumer Cyclical,Auto Parts,2176451840.0
FR0010929125,IDL,IDL.PA,ID LOGISTICS GROUP,Industrials,Integrated Freight & Logistics,2124072448.0
FR0013447729,VRLA,VRLA.PA,VERALLIA,Consumer Cyclical,Packaging & Containers,2093822464.0
FR0004024222,ITP,ITP.PA,INTERPARFUMS,Consumer Defensive,Household & Personal Products,1966650368.0
FR0000130395,RCO,RCO.PA,REMY COINTREAU,Consumer Defensive,Beverages - Wineries & Distilleries,1945934976.0
FR0014005AL0,ANTIN,ANTIN.PA,ANTIN INFRA PARTN,Financial Services,Asset Management,1904964480.0
FR0000071946,ATE,ATE.PA,ALTEN,Technology,Information Technology Services,1853789440.0
FR0000121147,FRVIA,FRVIA.PA,FORVIA,Consumer Cyclical,Auto Parts,1842834432.0
FR0000127771,VIV,VIV.PA,VIVENDI SE,Communication Services,Entertainment,1823045376.0
FR0010282822,VU,VU.PA,Vusion,Technology,Software - Application,1823011072.0
FR0013227113,SOI,SOI.PA,SOITEC,Technology,Semiconductor Equipment & Materials,1784457216.0
FR0000039091,RBT,RBT.PA,ROBERTET,Basic Materials,Chemicals,1708440448.0
FR0000120859,NK,NK.PA,IMERYS,Basic Materials,Specialty Chemicals,1704649600.0
FR001400TL40,ALHG,ALHG.PA,LOUIS HACHETTE,Industrials,Specialty Business Services,1620882048.0
FR0000064784,PEUG,PEUG.PA,PEUGEOT INVEST,Financial Services,Asset Management,1580487424.0
FR0010461053,CRLA,CRLA.PA,CRCAM LANGUED CCI,Financial Services,Banks - Regional,1559886080.0
FR0000031023,ELEC,ELEC.PA,ELEC.STRASBOURG,Utilities,Utilities - Renewable,1534248576.0
FR0000035081,ICAD,ICAD.PA,ICADE,Real Estate,REIT - Diversified,1519454464.0
FR0000064271,STF,STF.PA,STEF,Industrials,Integrated Freight & Logistics,1510302976.0
FR0000053225,MMT,MMT.PA,METROPOLE TV,Communication Services,Broadcasting,1480100736.0
FR0010483768,CRBP2,CRBP2.PA,CRCAM BRIE PIC2CCI,Financial Services,Banks - Regional,1468994560.0
FR0010481960,ARG,ARG.PA,ARGAN,Real Estate,REIT - Industrial,1468119296.0
FR0000073298,IPS,IPS.PA,IPSOS,Industrials,Consulting Services,1457611008.0
FR0000054900,TFI,TFI.PA,TF1,Communication Services,Broadcasting,1454494464.0
FR0000131757,ERA,ERA.PA,ERAMET,Basic Materials,Other Industrial Metals & Mining,1451653376.0
FR0014005HJ9,OVH,OVH.PA,OVH,Technology,Software - Infrastructure,1435032320.0
FR0000045601,CBE,CBE.PA,ROBERTET CI,Basic Materials,Chemicals,1408677376.0
FR0000053381,DBG,DBG.PA,DERICHEBOURG,Industrials,Waste Management,1328522880.0
FR0011341205,NANO,NANO.PA,NANOBIOTIX,Healthcare,Biotechnology,1328144000.0
FR0010386334,CLARI,CLARI.PA,CLARIANE,Healthcare,Medical Care Facilities,1315485952.0
FR0000053324,CDA,CDA.PA,ALPES (COMPAGNIE),Consumer Cyclical,Leisure,1252455552.0
FR0013357621,WAVE,WAVE.PA,WAVESTONE,Technology,Information Technology Services,1156501888.0
FR0010241638,MERY,MERY.PA,MERCIALYS,Real Estate,REIT - Retail,1134882944.0
FR0000044471,GDS,GDS.PA,RAMSAY GEN SANTE,Healthcare,Medical Care Facilities,1131286272.0
FR0010417345,DBV,DBV.PA,DBV TECHNOLOGIES,Healthcare,Biotechnology,1076114176.0
FR0000036816,EIFF,EIFF.PA,TOUR EIFFEL,Real Estate,REIT - Office,1057668608.0
FR0000039216,AREIT,AREIT.PA,ALTAREIT,Real Estate,Real Estate - Development,1040315840.0
FR0010588079,FREY,FREY.PA,FREY,Real Estate,REIT - Retail,1040002432.0
FR0000044323,CRAP,CRAP.PA,CRCAM ALP.PROV.CCI,Financial Services,Banks - Regional,1036534464.0
FR0011476928,FNAC,FNAC.PA,FNAC DARTY,Consumer Cyclical,Specialty Retail,1026051456.0
FR001400PFU4,PLNW,PLNW.PA,PLANISWARE,Technology,Software - Application,1014260160.0
FR0000050049,VIL,VIL.PA,VIEL ET COMPAGNIE,Financial Services,Capital Markets,1007621376.0
FR0013233012,IVA,IVA.PA,INVENTIVA,Healthcare,Biotechnology,980098112.0
FR0000185506,CRAV,CRAV.PA,CRCAM ATL.VEND.CCI,Financial Services,Banks - Regional,958608448.0
FR0011040500,74SW,74SW.PA,74SOFTWARE,Technology,Software - Application,955402112.0
FR001400PVN6,VIRI,VIRI.PA,VIRIDIEN,Energy,Oil & Gas Equipment & Services,930264960.0
FR0004186856,VETO,VETO.PA,VETOQUINOL,Healthcare,Drug Manufacturers - Specialty & Generic,927668800.0
FR0011995588,VLTSA,VLTSA.PA,VOLTALIA,Utilities,Utilities - Renewable,919144960.0
FR0000066672,GLO,GLO.PA,GL EVENTS,Industrials,Specialty Business Services,910747648.0
FR0000045346,CRSU,CRSU.PA,CRCAM SUD R.A.CCI,Financial Services,Banks - Regional,910737536.0
FR0004050250,NRO,NRO.PA,NEURONES,Technology,Information Technology Services,881348736.0
FR0004065605,MEDCL,MEDCL.PA,MEDINCELL,Healthcare,Biotechnology,829442688.0
FR0000120669,NAE,NAE.PA,North Atlantic En.,Energy,Oil & Gas Refining & Marketing,822050368.0
FR0000045304,CRTO,CRTO.PA,CRCAM TOURAINE CCI,Financial Services,Banks - Regional,798754496.0
FR0000120107,SAVE,SAVE.PA,SAVENCIA,Consumer Defensive,Packaged Foods,769241088.0
FR0000073041,VAC,VAC.PA,PIERRE VACANCES,Consumer Cyclical,Lodging,763033664.0
FR0000045239,CRLO,CRLO.PA,CRCAM LOIRE HTE L.,Financial Services,Banks - Regional,757720448.0
FR0000038606,MTU,MTU.PA,MANITOU BF,Industrials,Farm & Heavy Construction Machinery,744687232.0
FR0004023208,BASS,BASS.PA,BASSAC,Real Estate,Real Estate - Development,738318144.0
FR001400X2S4,ATO,ATO.PA,ATOS,Technology,Information Technology Services,683125632.0
FR0000061137,BUR,BUR.PA,BURELLE,Consumer Cyclical,Auto Parts,666147200.0
FR0013341781,AL2SI,AL2SI.PA,2CRSI,Technology,Computer Hardware,647160576.0
FR0013333432,THEP,THEP.PA,THERMADOR GROUPE,Industrials,Industrial Distribution,639198720.0
FR0000039109,SCHP,SCHP.PA,SECHE ENVIRONNEM.,Industrials,Waste Management,635972096.0
FR0011950732,ELIOR,ELIOR.PA,ELIOR GROUP,Consumer Cyclical,Restaurants,634278912.0
FR0000045213,CIV,CIV.PA,CRCAM ILLE-VIL.CCI,Financial Services,Banks - Regional,631361024.0
FR0012532810,WAGA,WAGA.PA,WAGA ENERGY,Industrials,Specialty Industrial Machinery,628421632.0
FR0000032658,SDG,SDG.PA,SYNERGIE,Industrials,Staffing & Employment Services,625281024.0
FR0000065484,LSS,LSS.PA,LECTRA,Technology,Software - Application,611370304.0
FR0000074148,ASY,ASY.PA,ASSYSTEM,Industrials,Engineering & Construction,609918464.0
FR0000036675,CEN,CEN.PA,GROUPE CRIT,Industrials,Staffing & Employment Services,608962880.0
FR0004045847,ALVDM,ALVDM.PA,VOYAGEURS DU MONDE,Consumer Cyclical,Travel Services,607487488.0
FR0000052680,SBT,SBT.PA,OENEO,Consumer Defensive,Beverages - Wineries & Distilleries,595597632.0
FR0012882389,EQS,EQS.PA,EQUASENS,Healthcare,Health Information Services,571193216.0
FR0004007813,KOF,KOF.PA,KAUFMAN ET BROAD,Consumer Cyclical,Residential Construction,566857408.0
FR0000063737,AUB,AUB.PA,AUBAY,Technology,Information Technology Services,559855552.0
FR0000039620,MRN,MRN.PA,MERSEN,Industrials,Electrical Equipment & Parts,556606912.0
FR0000035164,BEN,BEN.PA,BENETEAU,Consumer Cyclical,Recreational Vehicles,546011264.0
FR0000121691,NRG,NRG.PA,NRJ GROUP,Communication Services,Broadcasting,535833472.0
FR0014003AQ4,EXPL,EXPL.PA,EXPLOSIFS PROD.CHI,Basic Materials,Specialty Chemicals,533340000.0
FR0000054470,UBI,UBI.PA,UBISOFT ENTERTAIN,Communication Services,Electronic Gaming & Multimedia,517512480.0
FR0000045544,CAT31,CAT31.PA,CA TOULOUSE 31 CCI,Financial Services,Banks - Regional,512331872.0
FR0006864484,LPE,LPE.PA,LAURENT-PERRIER,Consumer Defensive,Beverages - Wineries & Distilleries,493340512.0
FR0000051393,IDIP,IDIP.PA,IDI,Financial Services,Asset Management,489418240.0
FR0000061129,BOI,BOI.PA,BOIRON,Healthcare,Drug Manufacturers - Specialty & Generic,486143744.0
FR0000038242,LBIRD,LBIRD.PA,LUMIBIRD,Healthcare,Diagnostics & Research,477867872.0
FR0004056851,VLA,VLA.PA,VALNEVA,Healthcare,Biotechnology,470870912.0
FR0010112524,NXI,NXI.PA,NEXITY,Real Estate,Real Estate - Diversified,469815008.0
FR0000030074,MALT,MALT.PA,MALTERIES FCO-BEL.,Consumer Defensive,Beverages - Brewers,443905664.0
FR0004163111,GNFT,GNFT.PA,GENFIT,Healthcare,Biotechnology,432133440.0
FR0011665280,FGA,FGA.PA,FIGEAC AERO,Industrials,Aerospace & Defense,430655296.0
FR0000033904,JCQ,JCQ.PA,JACQUET METALS,Basic Materials,Steel,419196928.0
FR0000060071,SAMS,SAMS.PA,SAMSE,Industrials,Industrial Distribution,416600640.0
FR0013214145,SMCP,SMCP.PA,SMCP,Consumer Cyclical,Apparel Retail,412440896.0
FR0000060535,ORIA,ORIA.PA,FIDUCIAL REAL EST.,Real Estate,Real Estate Services,405552000.0
FR0000034894,GAM,GAM.PA,GAUMONT,Communication Services,Entertainment,398729472.0
FR0012819381,ALGIL,ALGIL.PA,GROUPE GUILLIN,Consumer Cyclical,Packaging & Containers,393783680.0
FR0011027135,PAT,PAT.PA,PATRIMOINE ET COMM,Real Estate,REIT - Retail,383925248.0
FR0000033243,IMDA,IMDA.PA,IMMOB.DASSAULT,Real Estate,REIT - Diversified,382892256.0
FR0010341032,INEA,INEA.PA,FONCIERE INEA,Real Estate,Real Estate Services,378761088.0
FR0014010H01,ALSEM,ALSEM.PA,SEMCO TECHNOLOGIES,Technology,Semiconductor Equipment & Materials,369600000.0
FR0000120560,QDT,QDT.PA,QUADIENT,Technology,Software - Application,366094592.0
FR0000062101,FCMC,FCMC.PA,FERM.CAS.MUN.CANNE,Consumer Cyclical,Resorts & Casinos,365780480.0
FR0004175842,SELER,SELER.PA,SELECTIRENTE,Real Estate,REIT - Retail,345382496.0
FR0013295789,TFF,TFF.PA,TFF GROUP,Consumer Cyclical,Packaging & Containers,343628000.0
FR0004038263,PARRO,PARRO.PA,PARROT,Technology,Communication Equipment,332608704.0
FR0000061459,PERR,PERR.PA,PERRIER (GERARD),Industrials,Electrical Equipment & Parts,324027328.0
FR0014003U94,ARAMI,ARAMI.PA,ARAMIS GROUP,Consumer Cyclical,Auto & Truck Dealerships,320790656.0
FR0004040608,ABCA,ABCA.PA,ABC ARBITRAGE,Financial Services,Asset Management,315081088.0
FR0000060873,MBWS,MBWS.PA,MBWS,Consumer Defensive,Beverages - Wineries & Distilleries,310969312.0
FR0010428771,EFG,EFG.PA,EAGLEFOOTBALLGROUP,Communication Services,Entertainment,296416736.0
FR0004180578,SWP,SWP.PA,SWORD GROUP,Technology,Software - Application,296192224.0
FR0013283108,ALDLT,ALDLT.PA,DELTA PLUS GROUP,Consumer Cyclical,Footwear & Accessories,290033696.0
FR0004170017,LNA,LNA.PA,LNA SANTE,Healthcare,Medical Care Facilities,286206368.0
FR0000063935,BON,BON.PA,BONDUELLE,Consumer Defensive,Packaged Foods,273303232.0
FR001400JY13,LAT,LAT.PA,LATECOERE,Industrials,Aerospace & Defense,264622368.0
FR0000031973,FSDV,FSDV.PA,FSDV,Real Estate,Real Estate Services,262588112.0
FR0013344173,RBO,RBO.PA,ROCHE BOBOIS,Consumer Cyclical,"Furnishings, Fixtures & Appliances",262424528.0
FR0000071797,INF,INF.PA,INFOTEL,Technology,Information Technology Services,250522992.0
FR0000074254,BSD,BSD.PA,BOURSE DIRECT,Financial Services,Capital Markets,240497760.0
FR0010214064,GPE,GPE.PA,GPE GROUP PIZZORNO,Industrials,Waste Management,234190880.0
FR0013240934,ALERS,ALERS.PA,EUROBIO-SCIENTIFIC,Healthcare,Medical Devices,226536272.0
FR0004159473,ALHEX,ALHEX.PA,HEXAOM,Consumer Cyclical,Residential Construction,224794992.0
FR0004527638,EXE,EXE.PA,EXEL INDUSTRIES,Industrials,Farm & Heavy Construction Machinery,223124160.0
FR001400MDW2,ALSTI,ALSTI.PA,STIF,Industrials,Specialty Industrial Machinery,222365200.0
FR001400JWR8,ARVEN,ARVEN.PA,ARVERNE GROUP,Utilities,Utilities - Renewable,218795600.0
FR001400BMH7,TRACT,TRACT.PA,TERACT,Consumer Cyclical,Specialty Retail,217883968.0
FR0013030152,FDE,FDE.PA,FRANCAISE ENERGIE,Energy,Oil & Gas E&P,217208512.0
FR0000130692,CRI,CRI.PA,CIECHARGEURSINVEST,Industrials,Conglomerates,215117760.0
FR0012596468,ALSEN,ALSEN.PA,SENSORION,Healthcare,Biotechnology,215116576.0
FR0010202606,ALBFR,ALBFR.PA,SIDETRADE,Technology,Software - Application,213173792.0
FR0005175080,TNG,TNG.PA,TRANSGENE,Healthcare,Biotechnology,202690224.0
FR0013333077,CVX,CVX.PA,CARVOLIX,Healthcare,Medical Devices,199519168.0
FR0010528059,ALSTW,ALSTW.PA,STREAMWIDE,Technology,Software - Application,197956624.0
FR0004156297,LIN,LIN.PA,LINEDATA SERVICES,Technology,Software - Application,196067648.0
FR0000064164,ALEXA,ALEXA.PA,EXACOMPTA CLAIREF.,Industrials,Business Equipment & Supplies,187825680.0
FR0000053027,AKW,AKW.PA,AKWEL,Consumer Cyclical,Auto Parts,185809376.0
FR0007080254,ALLHB,ALLHB.PA,LES HOTELS BAVEREZ,Consumer Cyclical,Lodging,180307568.0
FR0004027068,ALLAN,ALLAN.PA,LANSON-BCC,Consumer Defensive,Beverages - Wineries & Distilleries,179036592.0
FR0000035370,BLC,BLC.PA,BASTIDE LE CONFORT,Healthcare,Medical Distribution,175443552.0
FR0013455482,ATLD,ATLD.PA,ATLAND,Real Estate,REIT - Diversified,171659184.0
FR0012612646,PARP,PARP.PA,GROUPE PARTOUCHE,Consumer Cyclical,Resorts & Casinos,171229008.0
FR0011049824,ALMDT,ALMDT.PA,MEDIANTECHNOLOGIES,Healthcare,Medical Devices,171162464.0
FR0004016699,ALTPC,ALTPC.PA,SMTPC,Industrials,Infrastructure Operations,168120000.0
FR0004065639,ALNSE,ALNSE.PA,NSE,Technology,Scientific & Technical Instruments,163353216.0
FR0010485268,ALFPC,ALFPC.PA,FOUNTAINE PAJOT,Consumer Cyclical,Recreational Vehicles,155857024.0
FR0010131409,ALLIX,ALLIX.PA,WALLIX,Technology,Software - Infrastructure,152546464.0
FR001400SA10,LOCAL,LOCAL.PA,SOLOCAL GROUP,Communication Services,Advertising Agencies,146348624.0
FR0014004362,ALESE,ALESE.PA,ENTECH,Utilities,Utilities - Renewable,144224480.0
FR0004155000,SFPI,SFPI.PA,GROUPE SFPI,Industrials,Specialty Industrial Machinery,143840464.0
FR0010766667,ALVU,ALVU.PA,VENTE UNIQUE.COM,Consumer Cyclical,Internet Retail,141399920.0
FR0000062150,BLEE,BLEE.PA,BLEECKER,Real Estate,REIT - Diversified,140585744.0
FR0010193979,CBOT,CBOT.PA,CBO TERRITORIA,Real Estate,Real Estate - Diversified,138233776.0
FR001400AYG6,DEEZR,DEEZR.PA,DEEZER,Communication Services,Entertainment,136138336.0
FR0000062465,AAA,AAA.PA,ALAN ALLMAN,Industrials,Consulting Services,133877496.0
FR0014004EC4,ALPM,ALPM.PA,PRECIA,Industrials,Specialty Industrial Machinery,131916400.0
FR0012616852,ABNX,ABNX.PA,ABIONYX PHARMA,Healthcare,Biotechnology,130296472.0
FR0000033888,ALGEV,ALGEV.PA,GEVELOT,Industrials,Specialty Industrial Machinery,129174600.0
FR00140164Q1,ALRIS,ALRIS.PA,RISING STONE,Real Estate,Real Estate - Development,122970088.0
FR0014008VX5,EAPI,EAPI.PA,EUROAPI,Healthcare,Drug Manufacturers - Specialty & Generic,120463632.0
FR0014009YQ1,LHYFE,LHYFE.PA,LHYFE,Basic Materials,Specialty Chemicals,119648352.0
FR0000075954,ALRIB,ALRIB.PA,RIBER,Technology,Semiconductor Equipment & Materials,115323000.0
FR0000032526,GBT,GBT.PA,GUERBET,Healthcare,Medical Devices,114437264.0
FR0004187367,ALFRE,ALFRE.PA,FREELANCE.COM,Industrials,Staffing & Employment Services,114124784.0
FR0000050395,CROS,CROS.PA,CROSSWOOD,Real Estate,Real Estate Services,113772672.0
FR0000121295,ALBON,ALBON.PA,LEBON,Financial Services,Asset Management,112592864.0
FR0011992700,ATEME,ATEME.PA,ATEME,Technology,Communication Equipment,110235960.0
FR0004029411,ALKEY,ALKEY.PA,KEYRUS,Technology,Information Technology Services,110028304.0
FR0010331421,IPH,IPH.PA,INNATE PHARMA,Healthcare,Biotechnology,108937512.0
FR0011716265,ALCJ,ALCJ.PA,CROSSJECT,Healthcare,Medical Instruments & Supplies,107898016.0
FR0012634822,MAAT,MAAT.PA,MAAT PHARMA,Healthcare,Biotechnology,107673712.0
FR0000053035,GEA,GEA.PA,GEA GRENOBL.ELECT.,Industrials,Business Equipment & Supplies,103238320.0
FR0012419307,ALPUL,ALPUL.PA,PULLUP ENTERTAIN,Communication Services,Electronic Gaming & Multimedia,103174944.0
FR0000065864,ALSOG,ALSOG.PA,SOGECLAIR,Industrials,Aerospace & Defense,102960280.0
FR0014007T10,ALVAZ,ALVAZ.PA,VAZIVA,Financial Services,Credit Services,102440176.0
FR0014005AC9,ALAFY,ALAFY.PA,AFYREN,Basic Materials,Specialty Chemicals,101366248.0
FR0000061608,ALPDX,ALPDX.PA,PISCINES DESJOYAUX,Consumer Cyclical,Leisure,100974128.0
FR0013258399,BALYO,BALYO.PA,BALYO,Industrials,Specialty Industrial Machinery,100256160.0
FR0000062978,DKUPL,DKUPL.PA,DEKUPLE,Communication Services,Advertising Agencies,93742320.0
FR0000053944,SPEL,SPEL.PA,FONCIERE VOLTA,Real Estate,Real Estate Services,92792160.0
FR0000062796,POMRY,POMRY.PA,MAISON POMMERY,Consumer Defensive,Beverages - Wineries & Distilleries,92424536.0
FR0011981968,WLN,WLN.PA,WORLDLINE,Technology,Software - Infrastructure,92199216.0
FR0000074759,ALFLE,ALFLE.PA,FLEURY MICHON,Consumer Defensive,Packaged Foods,91387808.0
FR0000065260,DPAM,DPAM.PA,DOCK.PETR.AMBES AM,Energy,Oil & Gas Refining & Marketing,90954000.0
FR0011184241,ADOC,ADOC.PA,ADOCIA,Healthcare,Biotechnology,90918848.0
FR0010820274,ALREW,ALREW.PA,REWORLD MEDIA,Communication Services,Advertising Agencies,88478288.0
FR0000054199,DPT,DPT.PA,ST DUPONT,Consumer Cyclical,Luxury Goods,84367064.0
FR0000124414,ALBI,ALBI.PA,GASCOGNE,Consumer Cyclical,Packaging & Containers,82059720.0
FR0000060451,ALLUX,ALLUX.PA,INSTALLUX,Basic Materials,Aluminum,80476416.0
FR0013006558,SRP,SRP.PA,SHOWROOMPRIVE,Consumer Cyclical,Internet Retail,80418728.0
FR0011950682,SEFER,SEFER.PA,SERGEFERRARI GROUP,Industrials,Building Products & Equipment,79285168.0
FR0010557264,AB,AB.PA,AB SCIENCE,Healthcare,Drug Manufacturers - Specialty & Generic,78230424.0
FR0013256518,ALECR,ALECR.PA,EUROFINS CEREP,Healthcare,Diagnostics & Research,77677600.0
FR0000054132,ALDEL,ALDEL.PA,DELFINGEN,Consumer Cyclical,Auto Parts,77221160.0
FR0010353888,ALMDG,ALMDG.PA,MGI DIGITAL GRAPHI,Technology,Computer Hardware,76342880.0
FR0014003T71,ALODC,ALODC.PA,OMER-DECUGIS & CIE,Consumer Defensive,Food Distribution,75749176.0
FR0010309096,VTR,VTR.PA,VITURA,Real Estate,REIT - Office,75700528.0
FR0011033083,ALMOU,ALMOU.PA,MOULINVEST,Basic Materials,Lumber & Wood Production,75351112.0
FR0000076655,ALATI,ALATI.PA,ACTIA GROUP,Consumer Cyclical,Auto Parts,74898832.0
FR0012127173,OSE,OSE.PA,OSE IMMUNO,Healthcare,Biotechnology,73656304.0
FR0013451044,ALHGR,ALHGR.PA,HOFFMANN,Basic Materials,Building Materials,72662320.0
FR0013384369,ALBKK,ALBKK.PA,BAIKOWSKI,Basic Materials,Chemicals,72296248.0
FR0000075442,ALLDL,ALLDL.PA,GROUPE LDLC,Technology,Electronics & Computer Distribution,70521576.0
FR0013185857,ABEO,ABEO.PA,ABEO,Consumer Cyclical,Leisure,66676128.0
FR0013079092,ALWEC,ALWEC.PA,WE.CONNECT,Technology,Consumer Electronics,66666420.0
FR0004031763,COH,COH.PA,COHERIS,Technology,Software - Application,66236948.0
FR0000054231,HCO,HCO.PA,HIGH CO,Communication Services,Advertising Agencies,66100724.0
FR0000066722,GUI,GUI.PA,GUILLEMOT,Technology,Computer Hardware,65838392.0
FR0011051598,ALMIB,ALMIB.PA,AMOEBA,Basic Materials,Agricultural Inputs,65416224.0
FR001400OKR3,CO,CO.PA,CASINO GUICHARD,Consumer Defensive,Grocery Stores,64246020.0
FR0000060121,SABE,SABE.PA,SAINT JEAN GROUPE,Consumer Defensive,Packaged Foods,63522700.0
FR0000066755,PIG,PIG.PA,HAULOTTE GROUP,Industrials,Farm & Heavy Construction Machinery,63339044.0
FR0000053043,ALAVI,ALAVI.PA,ADVINI,Consumer Defensive,Beverages - Wineries & Distilleries,62933668.0
FR0000066607,LACR,LACR.PA,LACROIX GROUP,Technology,Scientific & Technical Instruments,62462612.0
FR0010095596,ALVIO,ALVIO.PA,VALERIO TX,Healthcare,Biotechnology,61182416.0
FR0013379484,S30,S30.PA,SOLUTIONS 30 SE,Technology,Information Technology Services,60280164.0
FR0000066441,ALPJT,ALPJT.PA,POUJOULAT,Industrials,Building Products & Equipment,60246316.0
FR0000061418,SACI,SACI.PA,FIDUCIAL OFF.SOL.,Industrials,Business Equipment & Supplies,58135416.0
FR0010478248,ALATA,ALATA.PA,ATARI,Communication Services,Electronic Gaming & Multimedia,57819740.0
FR0013481835,ALKLH,ALKLH.PA,KLEA HOLDING,Healthcare,Diagnostics & Research,57113036.0
FR0000066540,ALHRG,ALHRG.PA,HERIGE,Basic Materials,Building Materials,55554136.0
FR0014003VY4,HDF,HDF.PA,HDF,Utilities,Utilities - Renewable,55003784.0
FR0000039232,AURE,AURE.PA,AUREA,Industrials,Waste Management,54948300.0
FR0011466069,EKI,EKI.PA,EKINOPS,Technology,Communication Equipment,52587380.0
FR0010722819,ALKAL,ALKAL.PA,KALRAY,Technology,Semiconductors,52335936.0
FR0011271600,ALGAE,ALGAE.PA,FERMENTALG,Healthcare,Biotechnology,49644632.0
FR0004034320,ALMRB,ALMRB.PA,MR BRICOLAGE,Consumer Cyclical,Home Improvement Retail,48962556.0
FR0013505062,VANTI,VANTI.PA,VANTIVA,Communication Services,Entertainment,48490064.0
FR0013252186,PVL,PVL.PA,PLAST.VAL LOIRE,Consumer Cyclical,Auto Parts,47223872.0
FR0010490920,ALECP,ALECP.PA,EUROPACORP,Communication Services,Entertainment,46498424.0
FR001400AHX6,ABLD,ABLD.PA,ABL Diagnostics,Healthcare,Health Information Services,45662672.0
FR0013153541,MDM,MDM.PA,MAISONS DU MONDE,Consumer Cyclical,Home Improvement Retail,44746512.0
FR0014005I80,ALSMA,ALSMA.PA,SMAIO,Healthcare,Health Information Services,44310284.0
FR0013286259,ALTHX,ALTHX.PA,THX PHARMA,Healthcare,Biotechnology,44046960.0
FR0000033599,ALLEX,ALLEX.PA,LEXIBOOK LINGUIST.,Consumer Cyclical,Leisure,43319324.0
FR0013018124,ALCOX,ALCOX.PA,NICOX,Healthcare,Biotechnology,42077328.0
FR001400U4P9,ALODY,ALODY.PA,ODYSSEE TECHNO,Industrials,Aerospace & Defense,41757676.0
FR0000064602,ACAN,ACAN.PA,ACANTHE DEV.,Real Estate,REIT - Office,38858396.0
FR0014004974,ALENO,ALENO.PA,ENOGIA,Industrials,Specialty Industrial Machinery,38819868.0
FR0012613610,ALPWG,ALPWG.PA,PRODWAYS GROUP,Technology,Computer Hardware,38757828.0
FR0010263202,PAR,PAR.PA,PAREF,Real Estate,REIT - Diversified,38645608.0
FR0012872141,JBOG,JBOG.PA,JACQUES BOGART,Consumer Defensive,Household & Personal Products,38303488.0
FR0012185536,ARTE,ARTE.PA,ARTEA,Real Estate,Real Estate Services,37041372.0
FR0010609263,ALMKT,ALMKT.PA,MAUNA KEA TECH,Healthcare,Medical Devices,36812980.0
FR0000065278,ALHOP,ALHOP.PA,HOPSCOTCH GROUPE,Communication Services,Advertising Agencies,36064360.0
FR0013015583,ALPOU,ALPOU.PA,POULAILLON,Consumer Defensive,Packaged Foods,35522276.0
FR001400SVN0,ALDRV,ALDRV.PA,DRONE VOLT,Technology,Computer Hardware,35270688.0
FR0012709160,ALUNT,ALUNT.PA,UNITI,Consumer Cyclical,Residential Construction,35250384.0
FR0012202497,ALDMS,ALDMS.PA,DIAGNOSTIC MEDICAL,Healthcare,Medical Devices,32941082.0
FR001400A3Q3,ALICA,ALICA.PA,ICAPE HOLDING,Technology,Electronic Components,32923326.0
FR0010298620,MEMS,MEMS.PA,MEMSCAP REGPT,Technology,Semiconductor Equipment & Materials,32757814.0
FR0012821916,ALHYP,ALHYP.PA,HIPAY GROUP,Technology,Software - Infrastructure,31506734.0
FR0013470168,ALIMP,ALIMP.PA,IMPLANET,Healthcare,Medical Devices,31496356.0
FR0004172450,ALMIN,ALMIN.PA,MINT,Utilities,Utilities - Renewable,31469414.0
FR0013230950,ALTAI,ALTAI.PA,LIGHTON,Technology,Software - Infrastructure,31212130.0
FR0014001PM5,ALHRS,ALHRS.PA,HYDROGEN REFUELING,Consumer Cyclical,Specialty Retail,30740972.0
FR0004053510,ALGEN,ALGEN.PA,GENOWAY,Healthcare,Biotechnology,30724406.0
FR0000064529,ALNSC,ALNSC.PA,NSC GROUPE,Industrials,Specialty Industrial Machinery,30441292.0
FR0014005SB3,ALFOR,ALFOR.PA,FORSEE POWER,Consumer Cyclical,Auto Parts,29119274.0
FR0000185423,ALDAR,ALDAR.PA,DAMARTEX,Consumer Cyclical,Apparel Retail,28423770.0
FR0010776617,ALMER,ALMER.PA,SAPMER,Consumer Defensive,Packaged Foods,28283978.0
FR0000033003,ALTOU,ALTOU.PA,TOUAX,Industrials,Rental & Leasing Services,27494176.0
FR0010120402,ALTHE,ALTHE.PA,THERACLION,Healthcare,Medical Devices,27119192.0
FR0014007LQ2,ALHUN,ALHUN.PA,HUNYVERS,Consumer Cyclical,Specialty Retail,27097818.0
FR0010436584,ALDNX,ALDNX.PA,DNXCORP,Communication Services,Internet Content & Information,27018400.0
FR0010397232,ALNOV,ALNOV.PA,NOVACYT,Healthcare,Medical Devices,26996628.0
FR0000065971,GRVO,GRVO.PA,GRAINES VOLTZ,Basic Materials,Agricultural Inputs,26940824.0
FR0000072597,ALITL,ALITL.PA,IT LINK,Technology,Information Technology Services,26781200.0
FR00140059B5,ALAUD,ALAUD.PA,AUDACIA,Financial Services,Asset Management,26764730.0
FR0013254851,ALVAL,ALVAL.PA,VALBIOTIS,Consumer Defensive,Packaged Foods,25317694.0
FR0010380626,ALPRG,ALPRG.PA,PROLOGUE,Technology,Software - Application,24533986.0
FR0004154060,ALNTG,ALNTG.PA,NETGEM,Technology,Communication Equipment,24094928.0
FR001400IUV6,ALWTR,ALWTR.PA,OSMOSUN,Industrials,Pollution & Treatment Controls,24093396.0
FR0000064404,EDI,EDI.PA,MEDIA 6,Industrials,Business Equipment & Supplies,22899738.0
FR00140048X2,ALIKO,ALIKO.PA,IKONISYS,Healthcare,Medical Devices,22780656.0
FR0010404368,ALDLS,ALDLS.PA,D.L.S.I.,Industrials,Staffing & Employment Services,21699090.0
FR0013296746,ALDVI,ALDVI.PA,ADVICENNE,Healthcare,Biotechnology,21652692.0
FR0013183985,SIGHT,SIGHT.PA,GENSIGHT BIOLOGICS,Healthcare,Biotechnology,20763598.0
FR0010396309,ALHIT,ALHIT.PA,HITECHPROS,Technology,Information Technology Services,20140378.0
FR0000044943,ALLOG,ALLOG.PA,LOGIC INSTRUMENT,Technology,Computer Hardware,19915028.0
FR0000079147,ALU10,ALU10.PA,U10 CORP,Consumer Cyclical,"Furnishings, Fixtures & Appliances",19288218.0
FR0000060790,ALGIR,ALGIR.PA,SIGNAUX GIROD,Industrials,Railroads,19169994.0
FR0000072373,ALGID,ALGID.PA,EGIDE,Technology,Electronic Components,19137538.0
FR001400AEM6,ALFUM,ALFUM.PA,FILL UP MEDIA,Communication Services,Advertising Agencies,19094566.0
FR001400H2X4,ALTD,ALTD.PA,TONNER DRONES,Industrials,Aerospace & Defense,18962780.0
FR0000074783,PRC,PRC.PA,ARTMARKET COM,Communication Services,Internet Content & Information,18890302.0
FR0014007ZB4,AELIS,AELIS.PA,AELIS FARMA,Healthcare,Biotechnology,17721914.0
FR0000038465,ALPAS,ALPAS.PA,PASSAT,Consumer Cyclical,Specialty Retail,17419884.0
FR0010397901,ALTRI,ALTRI.PA,TRILOGIQ,Industrials,Business Equipment & Supplies,16667410.0
FR001400AXT1,ALVIN,ALVIN.PA,VINPAI,Basic Materials,Specialty Chemicals,15848413.0
FR0013398997,ALCUR,ALCUR.PA,ARCURE,Industrials,Specialty Industrial Machinery,15695533.0
FR0000037640,ALRGR,ALRGR.PA,ROUGIER S.A.,Basic Materials,Lumber & Wood Production,15593688.0
FR001400H3A0,ALMCE,ALMCE.PA,MON COURTIER ENERG,Industrials,Specialty Business Services,15539568.0
FR0004034072,ALXIL,ALXIL.PA,XILAM ANIMATION,Communication Services,Entertainment,15398440.0
FR0014014ZV8,ALTRA,ALTRA.PA,TRACTIAL,Technology,Software - Infrastructure,15301614.0
FR0012432516,POXEL,POXEL.PA,POXEL,Healthcare,Biotechnology,15079388.0
FR0013452281,ALAGP,ALAGP.PA,AGRIPOWER,Utilities,Utilities - Renewable,14823451.0
FR0000078321,ALSEC,ALSEC.PA,SODITECH,Industrials,Engineering & Construction,14675265.0
FR0014003711,ALBIZ,ALBIZ.PA,OBIZ,Communication Services,Advertising Agencies,14657268.0
FR0004165801,HDP,HDP.PA,HOTELS DE PARIS,Consumer Cyclical,Lodging,14626223.0
FR0000074775,ALSAS,ALSAS.PA,STRADIM ESPAC.FIN,Real Estate,Real Estate Services,14103016.0
FR0000060824,FINM,FINM.PA,FINANCIERE MARJOS,Industrials,Conglomerates,14077115.0
FR0013399359,ALNRG,ALNRG.PA,ENERGISME,Technology,Software - Application,13636112.0
FR0000038184,FIPP,FIPP.PA,FIPP,Real Estate,Real Estate Services,13495116.0
FR0014003XT0,ALNFL,ALNFL.PA,NFL BIOSCIENCES,Healthcare,Biotechnology,13432576.0
FR0013356755,ALEMV,ALEMV.PA,EMOVA GROUP,Consumer Cyclical,Specialty Retail,13287463.0
FR0010291245,VMX,VMX.PA,VERIMATRIX,Technology,Software - Infrastructure,13268217.0
FR0004171346,ALNXT,ALNXT.PA,NEXTEDIA,Communication Services,Advertising Agencies,12968474.0
FR0013374667,ALKKO,ALKKO.PA,KKO INTERNATIONAL,Consumer Defensive,Farm Products,12610267.0
FR0013482791,NACON,NACON.PA,NACON,Communication Services,Electronic Gaming & Multimedia,12575055.0
FR0010169920,ALPRE,ALPRE.PA,PREDILIFE,Healthcare,Diagnostics & Research,12464007.0
FR0000075343,ALEMG,ALEMG.PA,LABO EUROMEDIS,Healthcare,Medical Distribution,12359478.0
FR0011208693,ALGLD,ALGLD.PA,GOLD BY GOLD,Basic Materials,Other Precious Metals & Mining,12232862.0
FR0000038531,ALHF,ALHF.PA,HF COMPANY,Technology,Communication Equipment,12130651.0
FR0010204453,ALMGI,ALMGI.PA,MG INTERNATIONAL,Industrials,Security & Protection Services,11868108.0
FR0010609206,OREGE,OREGE.PA,OREGE,Industrials,Waste Management,11808842.0
FR0011532225,ALVGO,ALVGO.PA,VOGO,Technology,Software - Application,11578830.0
FR0013053535,ALMLB,ALMLB.PA,MILIBOO,Consumer Cyclical,"Furnishings, Fixtures & Appliances",11514822.0
FR0014004339,ALAGO,ALAGO.PA,E PANGO,Utilities,Utilities - Renewable,11367094.0
FR0013429404,ALGTR,ALGTR.PA,GROUPE TERA,Technology,Scientific & Technical Instruments,11218259.0
FR0011464452,ALSGD,ALSGD.PA,SPINEGUARD,Healthcare,Medical Devices,11060685.0
FR001400KO61,ALJXR,ALJXR.PA,ARCHOS,Technology,Consumer Electronics,10902357.0
FR0005854700,ALI2S,ALI2S.PA,I2S,Industrials,Electrical Equipment & Parts,10527347.0
FR0011179886,ALINS,ALINS.PA,INTRASENSE,Healthcare,Health Information Services,10479739.0
FR0013419876,ALVAP,ALVAP.PA,KUMULUS VAPE,Consumer Cyclical,Internet Retail,10105270.0
FR0013534617,ALECO,ALECO.PA,ECOMIAM,Consumer Defensive,Food Distribution,9957746.0
FR0010523167,ALROC,ALROC.PA,ROCTOOL,Technology,Electronic Components,9915115.0
FR0010654087,ALTXC,ALTXC.PA,TXCOM,Technology,Communication Equipment,9760938.0
FR0010157115,ALERO,ALERO.PA,EUROLAND CORPORATE,Financial Services,Capital Markets,9492132.0
FR0012821890,ALDUX,ALDUX.PA,ADUX,Communication Services,Advertising Agencies,9282143.0
FR0010844001,ALEUA,ALEUA.PA,EURASIA GROUPE,Real Estate,Real Estate Services,9242114.0
FR001400CM63,ALOPM,ALOPM.PA,ONCODESIGN PM,Healthcare,Biotechnology,9209548.0
FR0010641449,ALAGR,ALAGR.PA,AGROGENERATION,Consumer Defensive,Farm Products,9173676.0
FR0010209809,SFCA,SFCA.PA,SOC FRANC CASINOS,Consumer Cyclical,Resorts & Casinos,9166446.0
FR0004044600,ALPRI,ALPRI.PA,PRISMAFLEX INTL,Communication Services,Advertising Agencies,8952227.0
FR0010337865,ALUPG,ALUPG.PA,UPERGY,Consumer Cyclical,Specialty Retail,8932105.0
FR0000065393,COUR,COUR.PA,COURTOIS,Real Estate,Real Estate Services,8755197.0
FR0000035719,EEM,EEM.PA,ELECT. MADAGASCAR,Financial Services,Asset Management,8613658.0
FR0010785790,ALPAT,ALPAT.PA,PLANT ADVANCED,Healthcare,Biotechnology,8425764.0
FR0010889386,ALQWA,ALQWA.PA,QWAMPLIFY,Communication Services,Advertising Agencies,8408202.0
FR0000061475,EFI,EFI.PA,EURASIA FONC INV,Real Estate,Real Estate Services,8172572.0
FR0014000P11,ALWF,ALWF.PA,WINFARM,Industrials,Farm & Heavy Construction Machinery,8000668.0
FR0000061780,AUGR,AUGR.PA,AUGROS COSMETIC,,,7818470.0
FR0004030708,ALDUB,ALDUB.PA,ENCRES DUBUIT,Basic Materials,Specialty Chemicals,7417475.0
FR0014005ZM5,ALGRO,ALGRO.PA,GROLLEAU,Industrials,Metal Fabrication,7389475.0
FR0000074197,FPG,FPG.PA,UNION TECH.INFOR.,Technology,Information Technology Services,7374056.0
FR0014007ND6,ALHAF,ALHAF.PA,HAFFNER ENERGY,Utilities,Utilities - Renewable,7312382.0
FR0010465534,ALEO2,ALEO2.PA,EO2,Basic Materials,Lumber & Wood Production,6895640.0
FR001400CFI7,AVT,AVT.PA,AVENIR TELECOM,Technology,Communication Equipment,6826546.0
FR0000035784,EGR,EGR.PA,EVERGREEN,Financial Services,Asset Management,6786306.0
FR0013308582,ALLGO,ALLGO.PA,LARGO,Technology,Electronics & Computer Distribution,6755027.0
FR0013156007,ALKLK,ALKLK.PA,KERLINK,Technology,Communication Equipment,6575471.0
FR0000064297,ALINN,ALINN.PA,INNELEC MULTIMEDIA,Technology,Electronics & Computer Distribution,6497209.0
FR0013330792,ALNN6,ALNN6.PA,ENENSYS,Technology,Communication Equipment,6414419.0
FR0013479730,ALPAU,ALPAU.PA,PAULIC MEUNERIE,Consumer Defensive,Packaged Foods,6368818.0
FR0000061244,ALORA,ALORA.PA,ALTHEORA,Industrials,Electrical Equipment & Parts,6190828.0
FR0011490648,ALESA,ALESA.PA,ECOSLOPS,Energy,Oil & Gas Refining & Marketing,6114510.0
FR0011217710,ALMET,ALMET.PA,METHANOR,Utilities,Utilities - Diversified,6079318.0
FR0013143872,ALWIT,ALWIT.PA,WITBE,Communication Services,Internet Content & Information,6020772.0
FR0013331212,ALDNE,ALDNE.PA,DONTNOD,Communication Services,Electronic Gaming & Multimedia,5978909.0
FR0010340711,ALAQU,ALAQU.PA,AQUILA,Industrials,Security & Protection Services,5598216.0
FR0004052561,PROAC,PROAC.PA,PROACTIS SA,Technology,Software - Application,5553109.0
FR001400N2P2,ALSPW,ALSPW.PA,SPINEWAY,Healthcare,Medical Instruments & Supplies,5488054.0
FR0011898584,ALUVI,ALUVI.PA,UV GERMI,Industrials,Pollution & Treatment Controls,5341360.0
FR0000074072,BIG,BIG.PA,BIGBEN INTERACTIVE,Technology,Consumer Electronics,5309535.0
FR0011648971,ALQGC,ALQGC.PA,QUANTUM GENOMICS,Healthcare,Biotechnology,5026087.0
FR0013462231,ALMUN,ALMUN.PA,MUNIC,Technology,Software - Infrastructure,4975685.0
FR0004153930,ALTAO,ALTAO.PA,ATON,Healthcare,Biotechnology,4968709.0
FR0011636083,ALNLF,ALNLF.PA,NEOLIFE,Consumer Cyclical,"Furnishings, Fixtures & Appliances",4818543.0
FR0013266772,ALEXP,ALEXP.PA,ONE EXPERIENCE,Financial Services,Capital Markets,4320437.0
FR0010326090,ALVIA,ALVIA.PA,VIALIFE,Consumer Cyclical,Specialty Retail,4315549.0
FR0013439627,ALOKW,ALOKW.PA,GROUPE OKWIND,Utilities,Utilities - Renewable,4306271.0
FR00140043Y1,ALSPT,ALSPT.PA,SPARTOO,Consumer Cyclical,Internet Retail,4201921.0
FR0011858190,ALREA,ALREA.PA,REALITES,Real Estate,Real Estate - Development,4177206.0
FR0004010338,GJAJ,GJAJ.PA,GROUPE JAJ,Consumer Cyclical,Apparel Manufacturing,4130689.0
FR0013400835,ALMAR,ALMAR.PA,MARE NOSTRUM,Industrials,Staffing & Employment Services,3702603.0
FR001400GO75,ALFLO,ALFLO.PA,FLORENTAISE,Basic Materials,Agricultural Inputs,3654171.0
FR0014010QE1,ALHPI,ALHPI.PA,HOPIUM,Consumer Cyclical,Auto Manufacturers,3624762.0
FR0014001PV6,NR21,NR21.PA,NR21,Consumer Cyclical,Apparel Retail,3607282.0
FR0013318052,ALORD,ALORD.PA,ORDISSIMO,Technology,Computer Hardware,3493690.0
FR0010424697,ALENT,ALENT.PA,ETHERO,Communication Services,Internet Content & Information,3454881.0
FR0014003V77,ALAIR,ALAIR.PA,AIRWELL,Consumer Cyclical,"Furnishings, Fixtures & Appliances",3368579.0
FR0011038348,ALKLA,ALKLA.PA,KLARSEN,Communication Services,Advertising Agencies,3135095.0
FR0000060907,CHSR,CHSR.PA,CHAUSSERIA,Consumer Cyclical,Footwear & Accessories,3121079.0
FR0013060100,ALIMR,ALIMR.PA,IMMERSION,Technology,Software - Application,3119993.0
FR0013284627,ALARF,ALARF.PA,ADEUNIS,Technology,Communication Equipment,3060936.0
FR0000060840,ALDEV,ALDEV.PA,DEVERNOIS,Consumer Cyclical,Apparel Manufacturing,3050391.0
FR0000076861,EOS,EOS.PA,ACTEOS,Technology,Software - Application,2866461.0
FR001400SP13,ALDOL,ALDOL.PA,DOLFINES,Energy,Oil & Gas Equipment & Services,2763342.0
FR001400M1R1,ALGEC,ALGEC.PA,GECI INTL,Technology,Software - Infrastructure,2737140.0
FR0000062788,BUI,BUI.PA,BARBARA BUI,Consumer Cyclical,Apparel Manufacturing,2639520.0
FR0000064958,ITXT,ITXT.PA,INTEXA,Consumer Cyclical,Apparel Manufacturing,2530000.0
FR0010812230,ALSRS,ALSRS.PA,SIRIUS MEDIA,Communication Services,Advertising Agencies,2365496.0
FR001400RF99,ALNMG,ALNMG.PA,NETMEDIA GROUP,Communication Services,Advertising Agencies,2166149.0
FR0000065492,SLCO,SLCO.PA,SELCODIS,Basic Materials,Building Materials,1800395.0
FR0000037475,CFI,CFI.PA,CFI,Real Estate,Real Estate Services,1767484.0
FR00140066X4,ALTHO,ALTHO.PA,METAVISIO,Technology,Computer Hardware,1746610.0
FR001400F2Z1,ALLPL,ALLPL.PA,LEPERMISLIBRE,Consumer Cyclical,Personal Services,1636184.0
FR0014003J32,ALNMR,ALNMR.PA,NAMR,Technology,Software - Application,1338348.0
FR0010908723,ALINT,ALINT.PA,INTEGRAGEN,Healthcare,Biotechnology,1244693.0
FR0014013HG9,ALUCI,ALUCI.PA,LUCIBEL,Industrials,Electrical Equipment & Parts,1143815.0
FR0004155687,ALMAS,ALMAS.PA,MASTRAD,Consumer Defensive,Household & Personal Products,1062307.0
FR001400LO86,ALDBT,ALDBT.PA,DBT,Industrials,Specialty Industrial Machinery,969882.0
FR0014011QJ8,ALEUP,ALEUP.PA,EUROPLASMA,Industrials,Waste Management,744716.0
FR001400IE67,MHM,MHM.PA,MYHOTELMATCH,Consumer Cyclical,Travel Services,645696.0
FR00140062B9,ALTOO,ALTOO.PA,TOOSLA,Industrials,Rental & Leasing Services,541624.0
FR0000065930,LEBL,LEBL.PA,FONCIERE 7 INVEST,Consumer Cyclical,"Furnishings, Fixtures & Appliances",435200.0
FR0013530102,ALVG,ALVG.PA,VEOM GROUP,Technology,Consumer Electronics,254023.0
FR0014000RP6,ALIMO,ALIMO.PA,GROUPIMO,Real Estate,Real Estate Services,236005.0
FR001400ZU25,ALSAF,ALSAF.PA,SAFE,Healthcare,Medical Instruments & Supplies,143166.0
FR00140153H3,ALADO,ALADO.PA,ADOMOS,Real Estate,Real Estate Services,124780.0
FR0014011O84,ALALO,ALALO.PA,ACHETER-LOUER.FR,Communication Services,Advertising Agencies,58389.0
FR0014010856,ALNEV,ALNEV.PA,NEOVACS,Healthcare,Biotechnology,238.0
FR0014014J13,ENNV,ENNV.PA,BOUYGUES NV26,,,
FR0000063307,TBSO,TBSO.PA,TBSO,Financial Services,Capital Markets,
